-- phpMyAdmin SQL Dump
-- version 4.2.11
-- http://www.phpmyadmin.net
--
-- Host: 127.0.0.1
-- Generation Time: Jul 19, 2015 at 02:38 PM
-- Server version: 5.6.21
-- PHP Version: 5.5.19

SET SQL_MODE = "NO_AUTO_VALUE_ON_ZERO";
SET time_zone = "+00:00";


/*!40101 SET @OLD_CHARACTER_SET_CLIENT=@@CHARACTER_SET_CLIENT */;
/*!40101 SET @OLD_CHARACTER_SET_RESULTS=@@CHARACTER_SET_RESULTS */;
/*!40101 SET @OLD_COLLATION_CONNECTION=@@COLLATION_CONNECTION */;
/*!40101 SET NAMES utf8 */;

--
-- Database: `soccer_news`
--

-- --------------------------------------------------------

--
-- Table structure for table `category`
--

CREATE TABLE IF NOT EXISTS `category` (
`cate_id` int(2) unsigned NOT NULL,
  `cate_title` varchar(255) NOT NULL,
  `parent_id` int(2) NOT NULL
) ENGINE=InnoDB AUTO_INCREMENT=34 DEFAULT CHARSET=utf8;

--
-- Dumping data for table `category`
--

INSERT INTO `category` (`cate_id`, `cate_title`, `parent_id`) VALUES
(1, 'Chuyển nhượng', 0),
(2, 'Anh', 0),
(3, 'Tây Ban Nha', 0),
(4, 'Italia', 0),
(5, 'Đức', 0),
(6, 'Pháp', 0),
(7, 'Việt Nam', 0),
(8, 'Hậu trường', 0),
(9, 'Photo', 0),
(11, 'Ngoại hạng Anh', 2),
(12, 'Cúp FA', 2),
(13, 'Cúp liên đoàn', 2),
(14, 'Hạng nhất Anh', 2),
(15, 'Tin khác', 2),
(17, 'La Liga', 3),
(18, 'Cúp nhà vua', 3),
(19, 'Tin khác', 3),
(20, 'Serie A', 4),
(21, 'Copa Italia', 4),
(22, 'Tin khác ', 4),
(23, 'Bundesliga', 5),
(24, 'Cúp quốc gia Đức', 5),
(25, 'Tin khác', 5),
(26, 'Ligue 1', 6),
(27, 'Cúp quốc gia Pháp', 6),
(28, 'Tin khác', 6),
(29, 'Video', 0),
(30, 'V-League', 7),
(31, 'Hạng nhất', 7),
(32, 'Cúp Quốc Gia', 7),
(33, 'Giải trẻ', 7);

-- --------------------------------------------------------

--
-- Table structure for table `news`
--

CREATE TABLE IF NOT EXISTS `news` (
`news_id` int(10) unsigned NOT NULL,
  `news_title` varchar(255) NOT NULL,
  `news_author` varchar(100) NOT NULL,
  `news_description` text NOT NULL,
  `news_detail` longtext NOT NULL,
  `news_img` varchar(255) NOT NULL,
  `news_time` timestamp NOT NULL DEFAULT CURRENT_TIMESTAMP ON UPDATE CURRENT_TIMESTAMP,
  `news_view` int(11) NOT NULL DEFAULT '0',
  `cate_id` int(2) NOT NULL,
  `parent_id` int(2) NOT NULL,
  `user_id` int(3) NOT NULL
) ENGINE=InnoDB AUTO_INCREMENT=71 DEFAULT CHARSET=utf8;

--
-- Dumping data for table `news`
--

INSERT INTO `news` (`news_id`, `news_title`, `news_author`, `news_description`, `news_detail`, `news_img`, `news_time`, `news_view`, `cate_id`, `parent_id`, `user_id`) VALUES
(5, 'AS Roma nhắm sao Barcelona thay Totti', 'Bongda.com.vn', 'Tin từ Gazzetta dello Sport cho biết AS Roma đang tăm tia tiền vệ Javier Mascherano của Barcelona.', '<p><a href="http://a5.img.bongda.com.vn/wp-content/uploads/2015/07/javier-mascherano-1429392818697.jpg"><img alt="Mascherano được AS Roma quan tâm. Ảnh: Intenret." src="http://a5.img.bongda.com.vn/wp-content/uploads/2015/07/javier-mascherano-1429392818697.jpg" style="height:363px; width:646px" /></a></p>\r\n\r\n<p>Mascherano được AS Roma quan t&acirc;m. Ảnh: Intenret.</p>\r\n\r\n<p>Theo đ&oacute;, đội b&oacute;ng thủ đ&ocirc; nước &Yacute; muốn c&oacute; Mascherano trong đội h&igrave;nh để thay cho biểu tượng Francesco Totti, người đ&atilde; 38 tuổi. Th&aacute;ng T&aacute;m tới, AS Roma sẽ chạm tr&aacute;n Barcelona ở giải Joan Gamper Trophy, <strong>đ&oacute; l&agrave; cơ hội để đội b&oacute;ng m&agrave;u b&atilde; trầu tiếp cận Barcelona trong việc chi&ecirc;u mộ ng&ocirc;i sao người Argentina</strong>.</p>\r\n\r\n<p>Ph&iacute;a AS Roma dự định mời gọi Mascherano bằng bản hợp đồng c&oacute; thời hạn 4 năm, k&egrave;m theo mức lương 3.5 triệu euro/m&ugrave;a, cộng th&ecirc;m tiền thưởng. Ngo&agrave;i ra, AS Roma sẽ gửi đến Barcelona đề nghị hỏi mua ng&ocirc;i sao 31 tuổi với gi&aacute; 15 triệu euro. Hiện tại, cựu sao Liverpool vẫn c&ograve;n hợp đồng với đội chủ s&acirc;n Nou Camp đến năm 2018.</p>\r\n\r\n<p>Ngo&agrave;i Mascherano, AS Roma cũng muốn đưa hậu vệ Adriano Correia về th&agrave;nh Roma. Gi&aacute; của cầu thủ n&agrave;y tầm 8 triệu euro, trong khi hiệu lực r&agrave;ng buộc giữa hai b&ecirc;n vẫn c&ograve;n thời hạn đến năm 2017. Tương lai của Adriano kh&ocirc;ng được đảm bảo ở s&acirc;n Nou Camp, theo đ&oacute; cầu thủ n&agrave;y muốn được ra s&acirc;n nhiều hơn, thay v&igrave; phải thường xuy&ecirc;n đ&aacute;nh b&oacute;ng ghế dự bị.</p>\r\n', 'javier-mascherano-1429392818697.jpg', '2015-07-19 05:01:01', 3, 1, 0, 1),
(6, 'Báo chí Argentina tin Higuain sẽ đến Arsenal', 'Bongda.com.vn', 'Theo các phương tiện truyền thông Argentina, người đại diện của Higuain và bản thân tiền đạo này cũng đang làm mọi cách để có thể đến Arsenal.', '<p><a href="http://a5.img.bongda.com.vn/wp-content/uploads/2015/07/gonzalo-higuain-napoli-lazio-serie-a_1a41oa7b81t381nekezauci93h1.jpg"><img alt="Báo Argentina tin Higuain sẽ đến Arsenal. Ảnh: Internet." src="http://a5.img.bongda.com.vn/wp-content/uploads/2015/07/gonzalo-higuain-napoli-lazio-serie-a_1a41oa7b81t381nekezauci93h1.jpg" style="height:430px; width:620px" /></a></p>\r\n\r\n<p>B&aacute;o Argentina tin Higuain sẽ đến Arsenal. Ảnh: Internet.</p>\r\n\r\n<p>Nhật b&aacute;o Clarin &ndash; một trong những tờ b&aacute;o uy t&iacute;n ở Argentina v&agrave; rất &iacute;t khi đề cập đến chuyển nhượng số ra ng&agrave;y h&ocirc;m qua cho biết, <strong>&ldquo;Arsenal đang sẵn s&agrave;ng chi đậm để chi&ecirc;u mộ Higuain&rdquo;.</strong></p>\r\n\r\n<p>&nbsp;</p>\r\n\r\n<p>Ở chiều ngược lại, tờ n&agrave;y cũng cho biết cựu tiền đạo Real Madrid <strong>sẵn s&agrave;ng l&agrave;m tất cả để c&oacute; thể đến Arsenal</strong>. Napoli đ&atilde; thất bại trong việc gi&agrave;nh quyền tham dự Champions League, v&agrave; Higuain cần phải được thi đấu ở đấu trường danh gi&aacute; nhất ch&acirc;u &Acirc;u n&agrave;y.</p>\r\n\r\n<p>Hiện tại, Nicolas Higuain &ndash; anh trai v&agrave; cũng l&agrave; người đại diện của tiền đạo n&agrave;y, đ&atilde; l&ecirc;n kế hoạch gặp chủ tịch Aurelio De Laurentiis để c&oacute; thể đưa Higuain rời khỏi đội b&oacute;ng Italia.</p>\r\n\r\n<p>Ph&aacute;t biểu tr&ecirc;n Radio Crc v&agrave;i ng&agrave;y trước, Nicolas Higuain cho rằng em trai m&igrave;nh đang kh&ocirc;ng hạnh ph&uacute;c tại Napoli<strong>. Anh cho rằng xe hơi của Higuain đ&atilde; bị c&aacute;c fan tấn c&ocirc;ng,</strong> v&agrave; họ cho rằng ch&iacute;nh anh l&agrave; nguy&ecirc;n nh&acirc;n dẫn đến việc Napoli mất suất Champions League.</p>\r\n\r\n<p>Một tờ b&aacute;o kh&aacute;c của Italia l&agrave; Calciomercato&nbsp; th&igrave; cho rằng, Higuain sẽ g&acirc;y &aacute;p lực để rời Napoli giống như c&aacute;ch Tevez đ&atilde; l&agrave;m để rời Juventus.</p>\r\n\r\n<p>Ở m&ugrave;a giải năm nay, cựu cầu thủ của Real Madrid đ&atilde; ghi được 18 b&agrave;n sau 37 trận đ&atilde; đấu tại Serie A. Tuy nhi&ecirc;n anh kh&ocirc;ng thể gi&uacute;p đội chủ s&acirc;n San Paolo gi&agrave;nh quyền dự Champions League, khi thất bại trong trận đấu quyết định với Lazio ở lượt cuối. V&agrave; trong b&agrave;i ph&aacute;t biểu mới đ&acirc;y, chủ tịch De Laurentiis đ&atilde; c&ocirc;ng khai ra gi&aacute; 94 triệu euro &ndash; bằng với ph&iacute; giải ph&oacute;ng hợp đồng của Higuain.</p>\r\n', 'gonzalo-higuain-napoli-lazio-serie-a_1a41oa7b81t381nekezauci93h1.jpg', '2015-07-19 04:57:36', 5, 1, 0, 1),
(7, 'AC Milan tăm tia sao “tóc xù” của Manchester United', 'Bongda.com.vn', 'Tin từ Calcio Mercato web cho biết tiền vệ người Bỉ Marouane Fellaini đang trở thành mục tiêu theo đuổi hàng đầu với HLV Sinisa Mihajlovic của AC Milan.', '<p><a href="http://a5.img.bongda.com.vn/wp-content/uploads/2015/07/Transfer-News-Transfer-Gossip-Marouane-Fellaini-Fellaini-Man-United-Fellaini-AC-Milan-Man-United-Transfer-News-Manchester-591463.jpg"><img alt="Marouane Fellaini đang trở thành mục tiêu theo đuổi hàng đầu với HLV Sinisa Mihajlovic. Ảnh: Internet." src="http://a5.img.bongda.com.vn/wp-content/uploads/2015/07/Transfer-News-Transfer-Gossip-Marouane-Fellaini-Fellaini-Man-United-Fellaini-AC-Milan-Man-United-Transfer-News-Manchester-591463.jpg" style="height:368px; width:620px" /></a></p>\r\n\r\n<p>Marouane Fellaini đang trở th&agrave;nh mục ti&ecirc;u theo đuổi h&agrave;ng đầu với HLV Sinisa Mihajlovic. Ảnh: Internet.</p>\r\n\r\n<p><strong>Vị HLV của AC Milan được tin rằng đ&atilde; mở cuộc đ&agrave;m ph&aacute;n với Manchester United &ldquo;th&ocirc;ng qua b&ecirc;n trung gian đ&aacute;ng tin cậy&rdquo; để chi&ecirc;u mộ Fellaini. </strong>Ph&iacute;a AC Milan hy vọng những phi vụ chuyển nhượng của Manchester United trong thời gian gần đ&acirc;y khi mang về s&acirc;n Old Trafford hai tiền vệ gồm Morgan Schneiderlin v&agrave; Bastian Schweinsteiger sẽ gi&uacute;p họ c&oacute; được chữ k&yacute; cựu sao Everton.</p>\r\n\r\n<p>Số l&agrave; sự c&oacute; mặt của Schneiderlin v&agrave; Schweinsteiger sẽ khiến chỗ đứng của Fellaini bị đe doạ. Đ&oacute; c&ograve;n chưa kể tiền vệ t&oacute;c x&ugrave; phải cạnh tranh với Michael Carrick, vừa trở lại sau chấn thương, trong đội h&igrave;nh. M&ugrave;a trước, Fellaini &ldquo;hồi sinh&rdquo; nhờ b&agrave;y tay Louis van Gaal, tuy nhi&ecirc;n những chuyển động về nh&acirc;n sự gần đ&acirc;ycủa đội b&oacute;ng ho&agrave;n to&agrave;n kh&ocirc;ng c&oacute; lợi v&agrave; đảm bảo tương lai cho ng&ocirc;i sao 27 tuổi n&agrave;y.</p>\r\n\r\n<p>Truyền th&ocirc;ng đưa tin Manchester United c&oacute; thể chấp nhận để Fellaini ra đi nếu nhận được ph&iacute; chuyển nhượng tầm 10 triệu bảng. Với AC Milan, đ&acirc;y ch&iacute;nh l&agrave; cơ hội của họ. Đội b&oacute;ng &Yacute; m&ugrave;a n&agrave;y đang thực hiện qu&aacute; tr&igrave;nh t&aacute;i thiết, do đ&oacute; họ cần phải bạo chi tr&ecirc;n TTCN để mang về s&acirc;n San Siro những bản hợp đồng chất lượng.</p>\r\n', 'Transfer-News-Transfer-Gossip-Marouane-Fellaini-Fellaini-Man-United-Fellaini-AC-Milan-Man-United-Transfer-News-Manchester-591463.jpg', '2015-07-19 06:26:37', 3, 1, 0, 1),
(8, 'Man United theo đuổi Edinson Cavani: Cần cẩn trọng!', 'Subin', 'Man United đang rất khát khao có một chân sút đẳng cấp trong đội hình để chia sẻ gánh nặng cùng Wayne Rooney. Trong rất nhiều tiền đạo đang được để mắt đến, Man United hướng nhiều về phía Edinson Cavani, tiền đạo đang thuộc biên chế của PSG.', '<p><a href="http://a5.img.bongda.com.vn/wp-content/uploads/2015/07/Cavani3.jpg"><img alt="Man United theo đuổi Edinson Cavani: Cần cẩn trọng!" src="http://a5.img.bongda.com.vn/wp-content/uploads/2015/07/Cavani3.jpg" style="height:470px; width:620px" /></a><br />\r\nNếu thương vụ n&agrave;y th&agrave;nh c&ocirc;ng, d&agrave;n sao của Man United sẽ được<strong> bổ sung một ng&ocirc;i sao v&ocirc; c&ugrave;ng chất lượng</strong>. Nhưng, ở chiều ngược lại, Man United cũng n&ecirc;n rất cẩn trọng với thương vụ n&agrave;y.</p>\r\n\r\n<p>Edinson Cavani đang ở tuổi 28 v&agrave; thời gian anh thể hiện <a href="http://www.bongda.com.vn/bong-da-anh/man-utd-xac-dinh-cavani-thay-van-persie/" target="_blank">phong độ cao nhất cũng kh&ocirc;ng c&ograve;n nhiều</a>. Nếu c&oacute; Cavani, Man United chắc chắn giải quyết được kh&acirc;u ghi b&agrave;n nhưng Cavani cũng kh&ocirc;ng kh&aacute;c g&igrave; một sự mạo hiểm bởi tiền đạo n&agrave;y kh&ocirc;ng hẳn l&agrave; cầu thủ c&oacute; thể mang đến sự an to&agrave;n cho Quỷ đỏ. Man United vừa chia tay Radamel Falcao v&agrave; đ&acirc;u đ&oacute; trong suy nghĩ, Man United cũng sẽ d&egrave; chừng c&aacute;i t&ecirc;n Cavani.</p>\r\n\r\n<p>Cavani đang c&oacute; mức gi&aacute; kh&aacute; cao nếu mua đứt. Theo c&aacute;c tờ b&aacute;o th&acirc;n PSG, CLB nước Ph&aacute;p đang t&iacute;nh đến phương &aacute;n d&ugrave;ng Cavani v&agrave; tiền để đổi lấy sự phục vụ của Di Maria. Phương &aacute;n n&agrave;y c&oacute; thể sẽ khiến Man United vừa l&ograve;ng v&agrave; đi đến những quyết định rất nhanh. Nhưng Man United lại c&oacute; thể xem x&eacute;t mua đứt nhưng như đ&atilde; nhắc đến, gi&aacute; của Cavani kh&aacute; cao. Vấn đề sẽ nằm ở đ&acirc;y v&agrave; việc Cavani c&oacute; đến với Old Trafford hay kh&ocirc;ng, Man United n&ecirc;n c&acirc;n nhắc.</p>\r\n\r\n<p>Copa America 2015 vừa qua, <strong>Cavani đ&atilde; thể hiện phong độ v&ocirc; c&ugrave;ng nhạt nh&ograve;a v&agrave; đ&aacute;ng qu&ecirc;n</strong>. Kh&ocirc;ng c&ograve;n ai nhận ra s&aacute;t thủ Cavani của PSG m&agrave; chỉ c&ograve;n thấy một Cavani đầy thất vọng tr&ecirc;n mảnh đất Chile. V&igrave; thế, kh&ocirc;ng một ai d&aacute;m đảm bảo rằng, Cavani sẽ tiếp tục bay cao nếu kho&aacute;c &aacute;o Man United. Một sự đầu tư kh&ocirc;ng đ&aacute;ng với Cavani v&agrave; nếu thật sự t&igrave;m mua một s&aacute;t thủ, vẫn c&ograve;n nhiều c&aacute;i t&ecirc;n kh&aacute;c c&oacute; thể tỏa s&aacute;ng tại Old Trafford.</p>\r\n\r\n<p>PSG cũng kh&ocirc;ng sẵn s&agrave;ng b&aacute;n Cavani bởi CLB n&agrave;y đang t&iacute;nh đến việc cơ cấu Cavani trở th&agrave;nh ch&acirc;n s&uacute;t chủ lực của đội b&oacute;ng. Đội trưởng Zlatan Ibrahimovic đang c&oacute; tương lai kh&ocirc;ng r&otilde; r&agrave;ng v&agrave; nếu ở lại, cầu thủ 33 tuổi n&agrave;y cũng giảm rất nhiều sự sắc b&eacute;n do tuổi t&aacute;c. V&igrave; thế, với Cavani, PSG sẽ cảm thấy an to&agrave;n hơn nếu b&aacute;n cầu thủ n&agrave;y v&agrave; đầu tư v&agrave;o thương vụ kh&aacute;c.</p>\r\n\r\n<p><a href="http://a5.img.bongda.com.vn/wp-content/uploads/2015/07/Cavani11-e1436971464970.jpg"><img alt="Man United theo đuổi Edinson Cavani: Cần cẩn trọng!" src="http://a5.img.bongda.com.vn/wp-content/uploads/2015/07/Cavani11-e1436971464970.jpg" style="height:372px; width:620px" /></a><br />\r\nTh&ecirc;m một điều nữa, về ph&iacute;a bản th&acirc;n Cavani, tuyển thủ Uruguay cũng kh&ocirc;ng c&oacute; &yacute; định rời PSG. Ở PSG, c&oacute; thể Cavani vẫn c&ograve;n &ldquo;n&uacute;p b&oacute;ng&rdquo; Ibrahimovic nhưng qua từng m&ugrave;a giải, Cavani đang tỏ ra quan trọng hơn rất nhiều. Việc được hứa hẹn sẽ được chơi ở vị tr&iacute; cao nhất tr&ecirc;n h&agrave;ng c&ocirc;ng cũng sẽ khiến Cavani suy nghĩ về việc n&ecirc;n ở lại hay ra đi. Kh&ocirc;ng những thế, Old Trafford kh&ocirc;ng phải l&agrave; mảnh đất l&agrave;nh d&agrave;nh cho cầu thủ Uruguay n&ecirc;n bản th&acirc;n Cavani sẽ c&acirc;n nhắc.</p>\r\n\r\n<p>Trong cơn say mua sắm, bất kỳ mục ti&ecirc;u n&agrave;o cũng c&oacute; thể đến với Man United nhưng 4 t&acirc;n binh vừa qua l&agrave; những sự đầu tư rất kh&ocirc;n ngoan của Quỷ đỏ. M&ugrave;a giải trước, Man United đ&atilde; sai lầm với Falcao v&agrave; m&ugrave;a giải n&agrave;y, Man United sẽ c&acirc;n đo đong đếm thật kỹ nếu muốn c&oacute; một ch&acirc;n s&uacute;t đẳng cấp. Đẳng cấp l&agrave; điều cần nhưng để c&oacute; một ch&acirc;n s&uacute;t m&agrave; sẽ kh&ocirc;ng d&aacute;m chắc c&oacute; tỏa s&aacute;ng hay kh&ocirc;ng th&igrave; đ&uacute;ng l&agrave; qu&aacute; mạo hiểm. Cavani sẽ l&agrave; sự đầu tư rất mạo hiểm n&ecirc;n Man United h&atilde;y cẩn trọng trước mọi quyết định.</p>\r\n', 'Cavani3.jpg', '2015-07-19 04:56:46', 10, 1, 0, 1),
(9, 'Depay từng từ chối Bayern', 'Bongda.com.vn', 'Cầu thủ chạy cánh người Hà Lan thừa nhận rằng mình từng từ chối rất nhiều đội bóng lớn để ký hợp đồng với Manchester United.', '<p><a href="http://a5.img.bongda.com.vn/wp-content/uploads/2015/07/memphisdepay-cropped_agm7akpqe9bh1brbmazgjmwnk.jpg"><img alt="Depay đã từ chối Bayern Munich để về M.U. Ảnh: Internet." src="http://a5.img.bongda.com.vn/wp-content/uploads/2015/07/memphisdepay-cropped_agm7akpqe9bh1brbmazgjmwnk.jpg" style="height:430px; width:620px" /></a></p>\r\n\r\n<p>Depay đ&atilde; từ chối Bayern Munich để về M.U. Ảnh: Internet.</p>\r\n\r\n<p>V&agrave; trong số đ&oacute; c&oacute; Bayern Munich. Theo tiết lộ của Memphis Depay, anh đ&atilde; từ chối Bayern Munich, g&atilde; khổng lồ của Bundesliga để c&oacute; thể được l&agrave;m việc với người thầy cũ của m&igrave;nh tại ĐTQG H&agrave; Lan.</p>\r\n\r\n<p>&nbsp;</p>\r\n\r\n<p><em>&ldquo;Đ&atilde; c&oacute; những cuộc thương thảo với c&aacute;c CLB lớn,&rdquo; </em>Depay n&oacute;i tr&ecirc;n SportBild.</p>\r\n\r\n<p><em>&ldquo;<strong>Bayern l&agrave; một đội trong số đ&oacute;</strong>. Nhưng cuối c&ugrave;ng t&ocirc;i đ&atilde; chọn Manchester United.&rdquo;</em></p>\r\n\r\n<p>Theo b&aacute;o ch&iacute; H&agrave; Lan, sở dĩ Depay chọn về M.U v&igrave; c&oacute; Louis van Gaal. Thậm ch&iacute; vị chiến lược gia 63 tuổi n&agrave;y được cho l&agrave; đ&atilde; c&oacute; cuộc n&oacute;i chuyện nhiều giờ liền với Depay c&aacute;ch đ&acirc;y gần một năm trước.</p>\r\n\r\n<p>V&agrave; khi được SportBild hỏi về việc liệu giữa Pep Guardiola v&agrave; Van Gaal, ai mới l&agrave; HLV xuất sắc hơn. Cầu thủ 21 tuổi người H&agrave; Lan cho rằng Pep l&agrave; một HLV xuất sắc, nhưng Van Gaal c&oacute; mối quan hệ th&acirc;n t&igrave;nh với Depay hơn.</p>\r\n\r\n<p><em>&ldquo;T&ocirc;i kh&ocirc;ng thể n&oacute;i rằng ai mới l&agrave; HLV xuất sắc nhất thế giới. Pep chắc chắn l&agrave; một trong những HLV giỏi của thế giới. Nhưng t&ocirc;i chọn M.U v&igrave; HLV của họ đ&atilde; thuyết phục được t&ocirc;i. Mối quan hệ giữa t&ocirc;i với &ocirc;ng ấy kh&ocirc;ng đơn giản chỉ với tư c&aacute;ch cầu thủ v&agrave; HLV,&rdquo; </em>&nbsp;Depay kết luận.</p>\r\n', 'memphisdepay-cropped_agm7akpqe9bh1brbmazgjmwnk.jpg', '2015-07-19 04:56:22', 0, 1, 0, 1),
(10, 'Vượt mặt Arsenal, Everton sắp đón Jonny Evans', 'Bongda.com.vn', 'Nhiều tờ báo tuy tín như Daily Mail, BBC hay Goal đều đồng loạt đưa tin trung vệ Jonny Evans của M.U dã đạt được thỏa thuận gia nhập Everton.', '<p><a href="http://a5.img.bongda.com.vn/wp-content/uploads/2015/07/evans.jpg"><img alt="Evans đạt thỏa thuận gia nhập Everton. Ảnh internet.Evans đạt thỏa thuận gia nhập Everton. Ảnh internet." src="http://a5.img.bongda.com.vn/wp-content/uploads/2015/07/evans.jpg" style="height:408px; width:620px" /></a></p>\r\n\r\n<p>Evans đạt thỏa thuận gia nhập Everton. Ảnh internet.</p>\r\n\r\n<p>Evans từng được đ&aacute;nh gi&aacute; l&agrave; <a href="http://www.bongda.com.vn/bong-da-anh/man-united-sap-tong-khu-jonny-evans/" target="_blank">một trung vệ trẻ đầy triển vọng </a>của Quỷ đỏ th&agrave;nh Manchester, c&oacute; thể thay thế xứng đ&aacute;ng vị tr&iacute; Nemanja Vidic hay Rio Ferdinand để lại nhưng chấn thương cộng với việc lu&ocirc;n mắc những sai lầm sơ đẳng khiến Evans m&atilde;i kh&ocirc;ng lớn.</p>\r\n\r\n<p>&nbsp;</p>\r\n\r\n<p>Được biết, <a href="http://beta.bongda.com.vn/tags/jonny-evans" target="_blank">Evans </a>đ&atilde; kh&ocirc;ng c&ograve;n nằm trong kế hoạch của HLV Louis van Gaal m&ugrave;a tới v&agrave; chiến lược gia người H&agrave; Lan đ&atilde; sẵn s&agrave;ng để cầu thủ n&agrave;y ra đi ngay trong h&egrave; n&agrave;y.</p>\r\n\r\n<p>Cụ thể, cả Chris Smalling, Paddy McNair, Tyler Blackett hay Phil Jones đều tiếp tục gắn b&oacute; với United nhưng ri&ecirc;ng Evans lại kh&ocirc;ng được đả động g&igrave; tới việc gia hạn d&ugrave; hợp đồng chỉ c&ograve;n tới th&aacute;ng 6/2016 l&agrave; đ&aacute;o hạn.</p>\r\n\r\n<p>Được biết, cả <strong>Everton v&agrave; Arsenal đều muốn c&oacute; sự phục vụ của Jonny Evans</strong> ngay trong m&ugrave;a H&egrave; n&agrave;y nhưng đội b&oacute;ng &aacute;o xanh mới l&agrave; những người tỏ ra thực sự nghi&ecirc;m t&uacute;c.</p>\r\n\r\n<p>Theo đ&oacute;,<a href="http://beta.bongda.com.vn/tags/manchester-united" target="_blank"> Man United</a> đ&atilde; đồng &yacute; b&aacute;n Jonny Evans cho ph&iacute;a Everton với mức ph&iacute; 7 triệu bảng v&agrave; thương vụ sẽ sớm ho&agrave;n tất trong &iacute;t giờ tới.</p>\r\n\r\n<p>Evans ra đi l&agrave; cơ sở để HLV Louis van Gaal đ&oacute;n những c&aacute;i t&ecirc;n kh&aacute;c đẳng cấp hơn ở h&agrave;ng thủ, cụ thể l&agrave; Nicolas Otamendi của Valencia.</p>\r\n', 'evans.jpg', '2015-07-19 04:55:55', 0, 11, 2, 1),
(11, 'Bị hỏi liên tục về Cavani và Ramos, Van Gaal tức điên', 'Bongda.com.vn', 'HLV Louis van Gaal không ngần ngại chỉ trích cánh nhà báo chỉ toàn viết ra những thứ rác rưởi liên quan đến Manchester United.', '<p><a href="http://a5.img.bongda.com.vn/wp-content/uploads/2015/07/gaaaal.jpg"><img alt="Van Gaal chỉ trích giới truyền thông. Ảnh internet." src="http://a5.img.bongda.com.vn/wp-content/uploads/2015/07/gaaaal.jpg" style="height:409px; width:615px" /></a></p>\r\n\r\n<p>Van Gaal chỉ tr&iacute;ch giới truyền th&ocirc;ng. Ảnh internet.</p>\r\n\r\n<p>Manchester United <a href="http://www.bongda.com.vn/bong-da-anh/louis-van-gaal-den-luc-chung-tai-nang/" target="_blank">đang trong qu&aacute; tr&igrave;nh cải tổ lực lượng mạnh mẽ</a> khi quyết t&acirc;m đ&ograve;i lại ng&ocirc;i vương Premier League cũng như tiến xa tại Champions League m&ugrave;a tới.</p>\r\n\r\n<p>Sau khi đ&atilde; chi&ecirc;u mộ th&agrave;nh c&ocirc;ng những bản hợp đồng chất lượng như Morgan Schneiderlin v&agrave; Bastian Schweinsteiger, <strong>Quỷ đỏ được cho l&agrave; sẽ tiếp tục c&ocirc;ng ph&aacute; TTCN</strong>, lần n&agrave;y l&agrave; việc n&acirc;ng cấp h&agrave;ng tiền đạo.</p>\r\n\r\n<p>Tuy nhi&ecirc;n, trong buổi họp b&aacute;o tr&ecirc;n đất Mỹ mới đ&acirc;y, HLV Louis van Gaal lại tức giận trước những c&acirc;u hỏi li&ecirc;n quan đến những c&aacute;i t&ecirc;n như Edinson Cavani, Robert Lewandowski hay Sergio Ramos.</p>\r\n\r\n<p><em>&ldquo;C&oacute; nhiều điều được phơi b&agrave;y tr&ecirc;n c&aacute;c mặt b&aacute;o nhưng đều kh&ocirc;ng đ&uacute;ng sự thật.&rdquo; </em>Van Gaal n&oacute;i v&agrave; sau đ&oacute; h&agrave;i hước chỉ thẳng v&agrave;o một nh&agrave; b&aacute;o, cho biết:<em> &ldquo;Anh ta lu&ocirc;n viết ra những thứ r&aacute;c rưởi v&agrave; n&oacute; lại trở th&agrave;nh sự thật.&rdquo;</em></p>\r\n\r\n<p><em>&ldquo;Giới truyền th&ocirc;ng lu&ocirc;n biến mọi thứ th&agrave;nh c&oacute; thể nhưng n&oacute; ho&agrave;n to&agrave;n kh&ocirc;ng ch&iacute;nh x&aacute;c.&rdquo;</em></p>\r\n\r\n<p>Được biết, <a href="http://beta.bongda.com.vn/tags/manchester-united" target="_blank">Manchester United</a> đang c&acirc;n nhắc chi&ecirc;u mộ một ch&acirc;n s&uacute;t đẳng cấp sau sự ra đi của Falcao v&agrave; Van Persie. Mặt kh&aacute;c, một trung vệ g&aacute;nh c&aacute;c trọng tr&aacute;ch h&agrave;ng thủ cũng được United hướng đến.</p>\r\n', 'gaaaal.jpg', '2015-07-19 04:55:32', 1, 11, 2, 1),
(12, 'Van Gaal xóa bỏ gần hết di sản của Alex Ferguson', 'Bongda.com.vn', 'Sir Alex Ferguson giải nghệ với chức vô địch Premier League 2012/13 với một đội hình chất lượng chỉ trung bình khá. Giờ đây Louis Van Gaal đã thay thế gần hết đội hình đó.', '<p><img alt="Van Gaal xóa bỏ gần hết di sản của Alex Ferguson" src="http://a5.img.bongda.com.vn/wp-content/uploads/2015/07/ManchesterUnited.jpg" style="height:455px; width:634px" /></p>\r\n\r\n<p>Louis Van Gaal v&agrave; Sir Alex Ferguson. Ảnh: Internet.</p>\r\n\r\n<p>Louis <a href="http://www.bongda.com.vn/tags/Louis-Van-Gaal/" target="_blank">Van Gaal</a> đang rất phấn khởi. Sau một m&ugrave;a giải đưa <a href="http://www.bongda.com.vn/tags/Manchester-United/" target="_blank">Manchester United</a> trở lại Top 4, &ocirc;ng mở đầu m&ugrave;a h&egrave; với chữ k&yacute; của Memphis Depay, bay dưới tầm radar để đ&oacute;n ch&agrave;o một hậu vệ đ&aacute;ng tin cậy nhưng &iacute;t ai biết tới Matteo Darmian, rồi trong c&ugrave;ng một ng&agrave;y sở hữu nh&agrave; v&ocirc; địch thế giới Bastian Schweinsteiger lẫn &ldquo;cận vệ&rdquo; Morgan Schneiderlin.</p>\r\n\r\n<p>Vẫn c&ograve;n nhiều việc chờ đ&oacute;n Van Gaal m&agrave; trong đ&oacute; David De Gea v&agrave; Angel Di Maria chiếm ti&ecirc;u biểu, nhưng c&oacute; thể n&oacute;i HLV người H&agrave; Lan đ&atilde; c&oacute; thể ung dung chuẩn bị m&ugrave;a giải sau với lực lượng mạnh v&agrave; một kh&iacute; thế mới.</p>\r\n\r\n<p><img alt="Van Gaal xóa bỏ gần hết di sản của Alex Ferguson" src="http://a5.img.bongda.com.vn/wp-content/uploads/2015/07/ManchesterUnited1.jpg" style="height:440px; width:660px" /></p>\r\n\r\n<p>Louis Van Gaal đ&atilde; c&oacute; được 4 t&acirc;n binh lớn trong m&ugrave;a h&egrave; n&agrave;y. Ảnh: Internet.</p>\r\n\r\n<p>Với sự bổ sung lực lượng như vậy, c&oacute; thể m&ugrave;a giải tới đội h&igrave;nh xuất ph&aacute;t của MU sẽ gần như kh&ocirc;ng c&ograve;n g&igrave; s&oacute;t lại từ kỷ nguy&ecirc;n của Sir <a href="http://www.bongda.com.vn/tags/Alex-Ferguson/" target="_blank">Alex Ferguson</a> nữa. Ngo&agrave;i thủ qu&acirc;n Wayne Rooney, trung vệ Chris Smalling v&agrave; thủ m&ocirc;n David De Gea (trong trường hợp De Gea kh&ocirc;ng rời CLB), những th&agrave;nh vi&ecirc;n MU trong m&ugrave;a cuối (2012/13) m&agrave; Sir Alex dẫn dắt giờ đ&atilde; nghỉ hưu, thất sủng v&agrave; bị b&aacute;n hoặc sắp tới kh&ocirc;ng c&ograve;n được bảo đảm vị tr&iacute; nữa.</p>\r\n\r\n<p>Nemanja Vidic, Patrice Evra, Robin Van Persie, Nani, Anderson, Danny Welbeck, Shinji Kagawa, Darren Fletcher, Alexander Buttner v&agrave; Tom Cleverley đều đ&atilde; bị b&aacute;n khỏi MU. Rio Ferdinand, Paul Scholes v&agrave; Ryan Giggs đ&atilde; giải nghệ.</p>\r\n\r\n<p>Jonny Evans, Rafael, Anders Lindegaard v&agrave; Chicharito kh&ocirc;ng c&ograve;n được trọng dụng. Sắp tới với lực lượng bổ sung, Ashley Young c&ugrave;ng với Phil Jones, Michael Carrick, Adnan Januzaj v&agrave; Antonio Valencia cũng c&oacute; thể bị bỏ khỏi th&agrave;nh phần xuất ph&aacute;t nếu kh&ocirc;ng chơi tốt.</p>\r\n\r\n<p><img alt="Van Gaal xóa bỏ gần hết di sản của Alex Ferguson" src="http://a5.img.bongda.com.vn/wp-content/uploads/2015/07/ManchesterUnited2.jpg" style="height:357px; width:634px" /></p>\r\n\r\n<p>Robin Van Persie l&aacute;i MU tới chức v&ocirc; địch Premier League 2012/13. 2 năm sau Van Persie đ&atilde; ra đi. Ảnh: Internet.</p>\r\n\r\n<p>Với những cầu thủ đ&oacute; nhưng Sir Alex Ferguson vẫn đưa MU tới ng&ocirc;i v&ocirc; địch Premier League 2012/13. Sau khi Sir Alex giải nghệ, David Moyes với đội h&igrave;nh n&agrave;y đ&atilde; thất bại th&ecirc; thảm ở m&ugrave;a tiếp theo. Cũng v&igrave; vậy m&agrave; lớp cầu thủ tr&ecirc;n từng bước bị t&aacute;ch ra khỏi MU, khiến <strong>di sản của Sir Alex Ferguson để lại cho Old Trafford giờ kh&ocirc;ng c&ograve;n nhiều</strong>.</p>\r\n\r\n<p>Nhưng điều đ&oacute; cũng chứng tỏ sự thi&ecirc;n t&agrave;i của Fergie. L&agrave;m thế n&agrave;o để v&ocirc; địch Premier League với những con người như Evans, Cleverley hay Smalling, đ&oacute; l&agrave; một b&iacute; mật chẳng ai nắm nổi ngo&agrave;i Sir Alex. Nếu &ocirc;ng vẫn c&ograve;n tiếp tục huấn luyện th&igrave; c&oacute; lẽ &ocirc;ng sẽ chinh phục thế giới với đội h&igrave;nh mới của &ldquo;Quỷ Đỏ&rdquo;.</p>\r\n\r\n<p>N&oacute;i như vậy cũng chẳng phải l&agrave; ch&ecirc; bai Louis Van Gaal, bởi Van Gaal kh&ocirc;ng phải Alex Ferguson v&agrave; ngay cả Sir Alex cũng thừa nhận lực lượng m&agrave; &ocirc;ng để lại cho 2 đời HLV sau qu&aacute; non yếu. Việc xốc dậy MU v&agrave; hấp dẫn c&aacute;c ng&ocirc;i sao chất lượng tới Old Trafford cho thấy Van Gaal đang tr&ecirc;n đường đưa đội b&oacute;ng trở lại thời ho&agrave;ng kim của Ferguson.</p>\r\n', 'ManchesterUnited.jpg', '2015-07-19 04:54:58', 0, 11, 2, 1),
(13, 'Wayne Rooney muốn nối gót Gerrard, Lampard sang MLS', 'Bongda.com.vn', 'Tiền đạo Wayne Rooney không hề giấu diếm ý định sẽ thi đấu tại giải Major League Soccer (MLS) trong tương lai.', '<p><a href="http://a5.img.bongda.com.vn/wp-content/uploads/2015/07/rroo.jpg"><img alt="Rooney dự định sang Mỹ dưỡng già. Ảnh internet." src="http://a5.img.bongda.com.vn/wp-content/uploads/2015/07/rroo.jpg" style="height:430px; width:620px" /></a></p>\r\n\r\n<p>Rooney dự định sang Mỹ dưỡng gi&agrave;. Ảnh internet.</p>\r\n\r\n<p>Hiện nay, MLS l&agrave; <a href="http://www.bongda.com.vn/bong-da-anh/wayne-rooney-bay-gio-moi-duoc-thanh-thoi/" target="_blank">bến đỗ tuyệt vời d&agrave;nh cho c&aacute;c ng&ocirc;i sao ở tuổi xế chiều</a> v&agrave; đ&atilde; h&igrave;nh th&agrave;nh n&ecirc;n xu hướng những cầu thủ đ&atilde; qua thời đỉnh cao sang Mỹ chơi b&oacute;ng.</p>\r\n\r\n<p>Steven Gerrard l&agrave; c&aacute;i t&ecirc;n mới nhất đi theo con đường n&agrave;y khi quyết định chia tay Liverpool để gia nhập LA Galaxy. Rất c&oacute; thể, sắp tới <strong>Wayne Rooney của Manchester United sẽ l&agrave; người tiếp theo.</strong></p>\r\n\r\n<p><em>&ldquo;T&ocirc;i thực sự đang tập trung ho&agrave;n to&agrave;n cho Manchester United.&rdquo; </em>Rooney cho biết tr&ecirc;n<em> Seattle Times. &ldquo;Khi thời điểm th&iacute;ch hợp đến, MLS l&agrave; giải đấu khiến t&ocirc;i phải c&acirc;n nhắc.&rdquo;</em></p>\r\n\r\n<p><em>&ldquo;T&ocirc;i sẽ ngồi lại b&agrave;n bạc với vợ v&agrave; c&aacute;c con của t&ocirc;i để xem liệu MLS c&oacute; phải l&agrave; sự lựa chọn đ&uacute;ng đắn hay kh&ocirc;ng.&rdquo;</em></p>\r\n\r\n<p>Hiện tại <a href="http://beta.bongda.com.vn/tags/manchester-united" target="_blank">Manchester United</a> đang ở Mỹ tham dự tour du đấu H&egrave;. Sau sự ra đi của Falcao v&agrave; Van Persie, Rooney l&agrave; tiền đạo đẳng cấp duy nhất m&agrave; HLV Louis van Gaal c&oacute; trong tay.</p>\r\n\r\n<p>Điều n&agrave;y đ&ograve;i hỏi chiến lược gia người H&agrave; Lan phải bổ sung một c&aacute;i t&ecirc;n chất lượng kh&aacute;c. Theo nhiều nguồn tin, Edinson Cavani l&agrave; cầu thủ được nhắm đến đầu ti&ecirc;n.</p>\r\n', 'rroo.jpg', '2015-07-19 04:54:33', 5, 11, 2, 1),
(14, 'Gary Neville ra tay, Jamie Carragher buộc phải mặc áo M.U', 'Bongda.com.vn', 'Vào ngày 09/08 tới, huyền thoại Liverpool, Jamie Carragher sẽ phải mặc áo Manchester United lên sóng truyền hình như một phần cá cược với Gary Neville.', '<p><a href="http://a5.img.bongda.com.vn/wp-content/uploads/2015/07/cccc2.jpg"><img alt="Hành vi không đẹp trước đó của Carragher. Ảnh internet." src="http://a5.img.bongda.com.vn/wp-content/uploads/2015/07/cccc2.jpg" style="height:827px; width:620px" /></a></p>\r\n\r\n<p>H&agrave;nh vi kh&ocirc;ng đẹp trước đ&oacute; của Carragher. Ảnh internet.</p>\r\n\r\n<p>Như đ&atilde; biết, trong một lần cao hứng c&aacute; cược Paulinho sẽ ghi 15 b&agrave;n thắng cho Tottenham ở m&ugrave;a giải vừa rồi,<a href="http://www.bongda.com.vn/bong-da-anh/chua-den-m-u-ramos-da-bi-carragher-hu-doa/" target="_blank"> Jamie Carragher đ&atilde; thua cuộc Gary Neville.</a></p>\r\n\r\n<p>Thực tế tiền vệ vừa sang tận Trung Quốc thi đấu chỉ ghi được vỏn vẹn 1 b&agrave;n thắng, khiến huyền thoại Liverpool phải chịu thua &ldquo;đứt đu&ocirc;i&rdquo;.</p>\r\n\r\n<p>Tuy nhi&ecirc;n, đến l&uacute;c n&agrave;y mọi việc đ&aacute;ng phải b&agrave;n đến khi Carragher nhất quyết kh&ocirc;ng chịu mặc &aacute;o đấu Manchester United, thay v&agrave;o đ&oacute;, anh quyết định l&aacute;ch luật b&agrave;ng c&aacute;ch <strong>chụp ảnh với 2 cậu nh&oacute;c mặc &aacute;o M.U.</strong></p>\r\n\r\n<p>Điều n&agrave;y khiến <a href="http://beta.bongda.com.vn/tags/gary-neville" target="_blank">Gary Neville</a> cảm thấy kh&ocirc;ng h&agrave;i l&ograve;ng v&agrave; từng tuy&ecirc;n bố: &ldquo;<em>Bạn sẽ phải mặc chiếc &aacute;o n&agrave;y! Đ&oacute; l&agrave; mệnh lệnh! C&aacute; cược l&agrave; c&aacute; cược!&rdquo;</em></p>\r\n\r\n<p>Sau thời gian d&agrave;i, Carragher c&oacute; vẻ đ&atilde; xuống nước khi đ&iacute;ch th&acirc;n Neville x&aacute;c nhận: <em>&ldquo;Carragher đ&atilde; nhận được &aacute;o đấu của United. Anh ta sẽ mặc chiếc &aacute;o n&agrave;y trong chương tr&igrave;nh First Monday Night của m&ugrave;a giải. T&ocirc;i nghĩ ch&uacute;ng ta n&ecirc;n cho anh ấy một tr&agrave;ng ph&aacute;o tay.&rdquo;</em></p>\r\n\r\n<p><a href="http://a5.img.bongda.com.vn/wp-content/uploads/2015/07/capture-20150716-230049.png"><img alt="capture-20150716-230049" src="http://a5.img.bongda.com.vn/wp-content/uploads/2015/07/capture-20150716-230049.png" style="height:294px; width:620px" /></a></p>\r\n\r\n<p>Sau khi giải nghệ, Carragher hiện l&agrave; b&igrave;nh luận vi&ecirc;n của k&ecirc;nh Sky Sports v&agrave; thường xuy&ecirc;n c&oacute; những ph&acirc;n t&iacute;ch kh&ocirc;ng hay ho d&agrave;nh cho <a href="http://beta.bongda.com.vn/tags/manchester-united" target="_blank">Manchester United.</a></p>\r\n\r\n<p>Vừa qua, nh&acirc;n sự kiện Bastian Schweinsteiger cập bến Old Trafford, Carragher cũng cho rằng đ&acirc;y sẽ l&agrave; một hợp đồng thất bại của United&nbsp; bởi Schweinsteiger đ&atilde; qua thời đỉnh cao.</p>\r\n', 'capture-20150716-230049.png', '2015-07-19 10:34:01', 3, 11, 2, 1),
(15, 'Real Madrid: Bale được đá vị trí ít-ai-ngờ', 'Bongda.com.vn', 'Không như mong mỏi của Gareth Bale, HLV Rafa Benitez đã để cầu thủ này thử sức ở vai trò tiền đạo cắm trong buổi tập mới nhất của Real Madrid.', '<p><a href="http://a5.img.bongda.com.vn/wp-content/uploads/2015/07/bale4.jpg"><img alt="Bale được Benitez xếp đá ở vị trí số 9. Ảnh internet." src="http://a5.img.bongda.com.vn/wp-content/uploads/2015/07/bale4.jpg" style="height:347px; width:620px" /></a></p>\r\n\r\n<p>Bale được Benitez xếp đ&aacute; ở vị tr&iacute; số 9. Ảnh internet.</p>\r\n\r\n<p>M&ugrave;a giải vừa qua, Gareth Bale thực sự đ&atilde; kh&ocirc;ng c&ograve;n l&agrave; ch&iacute;nh m&igrave;nh khi thể hiện một phong độ k&eacute;m thuyết phục, qua đ&oacute; <a href="http://beta.bongda.com.vn/tags/real-madrid" target="_blank">Real Madrid </a>cũng trắng tay.</p>\r\n\r\n<p>&nbsp;</p>\r\n\r\n<p>Với việc Cirstiano Ronaldo được mặc định ở vị tr&iacute; tiền đạo c&aacute;nh tr&aacute;i, Gareth Bale hiển nhi&ecirc;n phả<strong>i dạt sang đ&aacute; vị tr&iacute; tr&aacute;i ở trường</strong> b&ecirc;n c&aacute;nh đối diện trong hai m&ugrave;a giải gần nhất.</p>\r\n\r\n<p>Thời c&ograve;n chơi cho Tottenham, c&aacute;nh tr&aacute;i l&agrave; nơi đ&atilde; l&agrave;m n&ecirc;n t&ecirc;n tuổi của Gareth Bale với những pha bứt tốc như một chiếc phi cơ tuy nhi&ecirc;n sang Real Madrid, tiền vệ người xứ Wales đ&atilde; kh&ocirc;ng c&ograve;n được hoạt động tự do như trước.</p>\r\n\r\n<p>V&igrave; thế,&nbsp;Bale đăng đ&agrave;n tuyến bố muốn được chơi ở vai tr&ograve; hộ c&ocirc;ng. Vị tr&iacute; n&agrave;y khiến <a href="http://beta.bongda.com.vn/tags/gareth-bale" target="_blank">Bale </a>cảm thấy thoải m&aacute;i, c&oacute; thể ghi b&agrave;n, lại vừa tham gia nhiều v&agrave;o lối chơi của đội b&oacute;ng khi được bố tr&iacute; b&oacute; v&agrave;o trung lộ như tr&ecirc;n tuyển xứ Wales.</p>\r\n\r\n<p>Tuy nhi&ecirc;n, trong buổi tập mới nhất của Real Madrid, HLV Benitez lại bất ngờ <strong>xếp cầu thủ n&agrave;y đ&aacute; ở vai tr&ograve; một số 9</strong> thực thụ trong sơ đồ 4-2-3-1 v&agrave; b&ecirc;n h&agrave;nh lang c&aacute;nh tr&aacute;i l&agrave; của Cristiano Ronaldo.</p>\r\n\r\n<p>Như vậy, nhiều khả năng để tối ưu h&oacute;a đội h&igrave;nh Real Madrid m&ugrave;a tới, chiến lược gia người T&acirc;y Ban Nha quyết định chơi canh bạc mạo hiểm khi k&eacute;o Bale v&agrave;o trung lộ. H&atilde;y c&ugrave;ng chờ xem đ&acirc;y c&oacute; phải l&agrave; vị tr&iacute; mới của Bale ở m&ugrave;a b&oacute;ng tới.</p>\r\n', 'bale4.jpg', '2015-07-19 04:53:28', 2, 17, 3, 1),
(16, 'Fan Real Madrid không cần David de Gea', 'Bongda.com.vn', 'Ít nhất là ngay trong mùa hè này. Các Madridista cho rằng Keylor Navas hoàn toàn đủ khả năng trở thành người gác đền của Real Madrid khi Iker Casillas đã ra đi.\r\nCác CĐV Real tin rằng Keylor Navas đủ khả năng trở thành thủ môn số 1 của CLB. Ảnh: Internet.', '<p><a href="http://a5.img.bongda.com.vn/wp-content/uploads/2015/07/954efbe6217b1c.jpg"><img alt="Các CĐV Real tin rằng Keylor Navas đủ khả năng trở thành thủ môn số 1 của CLB. Ảnh: Internet." src="http://a5.img.bongda.com.vn/wp-content/uploads/2015/07/954efbe6217b1c.jpg" style="height:465px; width:620px" /></a></p>\r\n\r\n<p>C&aacute;c CĐV Real tin rằng Keylor Navas đủ khả năng trở th&agrave;nh thủ m&ocirc;n số 1 của CLB. Ảnh: Internet.</p>\r\n\r\n<p>Với sự ra đi của Iker Casillas, hiện tại trong bi&ecirc;n chế ch&iacute;nh thức của đội chủ s&acirc;n Bernabeu chỉ c&ograve;n c&oacute; hai thủ m&ocirc;n l&agrave; Keylor Navas v&agrave; Fernando Pacheco Flores. V&agrave; họ chắc chắn sẽ cần bổ sung th&ecirc;m người g&aacute;c đền, bởi Pacheco Flores c&ograve;n qu&aacute; non v&agrave; kh&ocirc;ng đủ đẳng cấp để đứng trong khung gỗ của đội b&oacute;ng Ho&agrave;ng gia T&acirc;y Ban Nha.</p>\r\n\r\n<p>&nbsp;</p>\r\n\r\n<p>Tuy vậy, c&aacute;c cổ động vi&ecirc;n của Real Madrid cho rằng Keylor Navas ho&agrave;n to&agrave;n đủ khả năng trấn giữ khung gỗ của &ldquo;Kền kền trắng&rdquo;, v&agrave; kh&ocirc;ng nhất thiết BLĐ đội b&oacute;ng phải mua David de Gea bằng mọi gi&aacute; trong h&egrave; n&agrave;y.</p>\r\n\r\n<p>Trong một cuộc khảo s&aacute;t m&agrave; tờ Marca vừa thực hiện, <strong>c&oacute; tới 70% cổ động vi&ecirc;n của Real Madrid tin rằng </strong>Keylor Navas sẽ l&agrave; sự lựa chọn số một cho vị tr&iacute; thủ m&ocirc;n của đội b&oacute;ng Ho&agrave;ng gia T&acirc;y Ban Nha. Ngo&agrave;i ra, số cổ động vi&ecirc;n được khảo s&aacute;t n&agrave;y cũng cho biết, Real kh&ocirc;ng n&ecirc;n qu&aacute; vội v&agrave;ng trong việc mua David de Gea. V&agrave; họ n&ecirc;n chờ tới m&ugrave;a h&egrave; sang năm để c&oacute; thể c&oacute; thủ m&ocirc;n 24 tuổi m&agrave; kh&ocirc;ng tốn xu n&agrave;o.</p>\r\n\r\n<p>B&aacute;o Marca thứ tư tuần n&agrave;y đ&atilde; tiết lộ l&agrave; Real Madrid sẵn s&agrave;ng trả cho David de Gea số tiền l&ecirc;n tới 5 triệu euro nếu quyết định kh&ocirc;ng gia hạn hợp đồng v&agrave; chuyển đến Real v&agrave;o m&ugrave;a h&egrave; sang năm.</p>\r\n', '954efbe6217b1c.jpg', '2015-07-19 04:53:02', 0, 17, 3, 1),
(17, '“Chơi hay đến đâu, Ronaldo cũng không sánh được Messi”', 'Bongda.com.vn', 'Cựu danh thủ Miguel Angel Nadal khẳng định rằng, Cristiano Ronaldo không ở cùng đẳng cấp với Lionel Messi.', '<p><a href="http://a5.img.bongda.com.vn/wp-content/uploads/2015/07/mess5.jpg"><img alt="Đơn giản, Messi là số một. Ảnh internet." src="http://a5.img.bongda.com.vn/wp-content/uploads/2015/07/mess5.jpg" style="height:430px; width:620px" /></a></p>\r\n\r\n<p>Đơn giản, Messi l&agrave; số một. Ảnh internet.</p>\r\n\r\n<p>Si&ecirc;u sao người Argentina vừa trải qua một m&ugrave;a giải cực kỳ th&agrave;nh c&ocirc;ng khi đ&oacute;ng vai tr&ograve; cực kỳ quan trọng trong <a href="http://www.bongda.com.vn/bong-da-tbn/hang-thu-la-liga-dang-uu-ai-messi/" target="_blank">chiến t&iacute;ch đoạt c&uacute; ăn ba của Barcelona.</a></p>\r\n\r\n<p>Trở về tuyển Argentina, Messi lại thể hiện một phong độ cực kỳ ấn tượng, rất tiếc l&agrave; c&aacute;c đồng đội của anh lại để tuột mất chức v&ocirc; địch Copa America v&agrave;o tay chủ nh&agrave; Chile sau loạt s&uacute;t lu&acirc;n lưu c&acirc;n n&atilde;o.</p>\r\n\r\n<p>Mặc d&ugrave;, Ronaldo đ&atilde; đ&aacute;nh bại Messi để vươn l&ecirc;n trở th&agrave;nh ch&acirc;n s&uacute;t h&agrave;ng đầu La Liga m&ugrave;a b&oacute;ng qua nhưng, cựu danh thủ Barcelona,<strong> Miguel Angel Nadal tin rằng Messi vẫn l&agrave; số một.</strong></p>\r\n\r\n<p><em>&ldquo;Barcelona sở hữu một đội h&igrave;nh tuyệt vời, với một c&aacute; nh&acirc;n đặc biệt l&agrave; <a href="http://beta.bongda.com.vn/tags/lionel-messi" target="_blank">Lionel Messi.</a>&rdquo; </em>Nadal n&oacute;i tr&ecirc;n tờ Goal.<em> &ldquo;Messi c&oacute; thể mở kh&oacute;a thế trận trong thời điểm kh&ocirc;ng ai ngờ.&rdquo;</em></p>\r\n\r\n<p><em>&ldquo;Cristiano Ronaldo đ&atilde; c&oacute; những m&agrave;n tr&igrave;nh diễn thực sự ngoạn mục nhưng chẳng thể n&agrave;o so s&aacute;nh được với Messi.&rdquo;</em></p>\r\n\r\n<p><em>&ldquo;Messi ở đẳng cấp cao hơn tất cả mọi cầu thủ kh&aacute;c. Đơn giản l&agrave; xuất sắc nhất. Kh&ocirc;ng một ai c&oacute; đủ khả năng l&agrave;m được những điều thần kỳ như cậu ấy.&rdquo;</em></p>\r\n\r\n<p>Nadal cũng cho rằng ch&iacute;nh việc thiếu chiều sau đội h&igrave;nh, m&agrave; cụ thể l&agrave; chấn thương của Luka Modric đ&atilde; khiến Real Madrid thất bại trước Barcelona ở m&ugrave;a giải năm ngo&aacute;i.</p>\r\n', 'mess5.jpg', '2015-07-19 10:46:46', 1, 17, 3, 1),
(18, 'Chuyện Gareth Bale: “Thân Real, hồn Xứ Wales”', 'Bongda.com.vn', 'Real Madrid cần thay đổi. Đó là nhiệm vụ HLV Rafa Benitez bắt buộc phải thực hiện trong thời gian tới. Và ông thầy người Tây Ban Nha đang bắt đầu công cuộc nhào nặn hình hài Los Blancos với hạt nhân Gareth Bale.', '<p><a href="http://a5.img.bongda.com.vn/wp-content/uploads/2015/07/bale3.jpg"><img alt="Gareth Bale đá vị trí mới trong buổi tập. Ảnh: Internet." src="http://a5.img.bongda.com.vn/wp-content/uploads/2015/07/bale3.jpg" style="height:406px; width:620px" /></a></p>\r\n\r\n<p>Gareth Bale đ&aacute; vị tr&iacute; mới trong buổi tập. Ảnh: Internet.</p>\r\n\r\n<p>Anh l&agrave; tương lai, sức sống, linh hồn của Real Madrid. Những g&igrave; Rafa Benitez l&agrave;m trong thời gian qua như muốn khẳng định cho kế hoạch n&agrave;y. Thực chất, &yacute; tưởng x&acirc;y một đội b&oacute;ng xung quanh Bale xuất ph&aacute;t từ s&aacute;ng kiến của chủ tịch Florentino Perez. Rất nhiều lần ở m&ugrave;a giải năm nay, vị kỹ sư x&acirc;y dựng của trường B&aacute;ch Khoa tại Madrid li&ecirc;n tục bảo vệ Bale, d&ugrave; cho năm lần bảy lượt Manchester United tăm tia cầu thủ n&agrave;y.</p>\r\n\r\n<p>Mới đ&acirc;y, HLV Rafa Benitez bắt đầu tạo dựng dấu ấn ri&ecirc;ng trong c&aacute;ch cầm qu&acirc;n khi mạnh dạn đập bỏ t&agrave;n t&iacute;ch &ldquo;BBC&rdquo; trong sơ đồ 4-3-3 từng gi&uacute;p Real Madrid ho&agrave;n tất giấc mơ &ldquo;La Decima&rdquo;. Ở buổi tập mới nhất tr&ecirc;n đất &Uacute;c, nh&agrave; cầm qu&acirc;n n&agrave;y lần đầu ti&ecirc;n d&ugrave;ng bộ ba &ldquo;BBC&rdquo;, gồm Bale, Benzema v&agrave; Cristiano, trong đội h&igrave;nh nhưng sử dụng chiến thuật 4-2-3-1. <strong>Đ&aacute;ng ch&uacute; &yacute;, Bale được bố tr&iacute; đ&aacute; tiền đạo &ldquo;số 2&Prime; ngay sau Benzema.</strong></p>\r\n\r\n<p><a href="http://a5.img.bongda.com.vn/wp-content/uploads/2015/07/balg-644x362.jpg"><img alt="Gareth Bale sắm vai tiền đạo lùi. Ảnh: Internet." src="http://a5.img.bongda.com.vn/wp-content/uploads/2015/07/balg-644x362.jpg" style="height:349px; width:620px" /></a></p>\r\n\r\n<p>Gareth Bale sắm vai tiền đạo l&ugrave;i. Ảnh: Internet.</p>\r\n\r\n<p>Trong khi đ&oacute;, Cristiano Ronaldo vẫn trấn giữ h&agrave;nh lang tr&aacute;i, c&ograve;n Isco đ&aacute; ở c&aacute;nh đối diện v&agrave; sau đ&oacute; được thay bằng Martin &Oslash;degaard. D&ugrave; vậy, vị tr&iacute; tiền vệ phải nhiều khả năng sẽ thuộc về James Rodriguez khi Real Madrid c&oacute; đầy đủ binh lực. Cầu thủ người Colombia vẫn đang được cho CLB cho nghỉ sau khi vừa căng sức c&agrave;y ải trong m&agrave;u &aacute;o tuyển Colombia dự Copa America 2015 hồi th&aacute;ng trước.</p>\r\n\r\n<p>Nhưng t&acirc;m điểm thuộc về vị tr&iacute; của Bale. Khi Benitez đến, rất nhiều b&agrave;i x&atilde; luận cho rằng Ronaldo sẽ được đẩy l&ecirc;n đ&aacute; tiền đạo. Động th&aacute;i n&agrave;y ph&ugrave; hợp với tuổi t&aacute;c của si&ecirc;u sao người Bồ Đ&agrave;o Nha khi đ&atilde; sang tuổi ba mươi. L&uacute;c n&agrave;y, Bale c&oacute; thể được đẩy sang c&aacute;nh tr&aacute;i, thay Ronaldo. Tuy nhi&ecirc;n, qua c&aacute;ch d&ugrave;ng người của cựu HLV Napoli trong buổi tập gần nhất, &ocirc;ng đang muốn biến cựu sao Tottenham th&agrave;nh &ldquo;Bale của tuyển Xứ Wales&rdquo;.</p>\r\n\r\n<p><a href="http://a5.img.bongda.com.vn/wp-content/uploads/2015/07/16BENITEZ-660x330.jpg"><img alt="Gareth Bale sẽ trở thành trung phong của Real Madrid. Ảnh: Internet." src="http://a5.img.bongda.com.vn/wp-content/uploads/2015/07/16BENITEZ-660x330.jpg" style="height:310px; width:620px" /></a></p>\r\n\r\n<p>Gareth Bale sẽ trở th&agrave;nh trung phong của Real Madrid. Ảnh: Internet.</p>\r\n\r\n<p>Ở v&ograve;ng loại EURO 2016, Bale chơi cực hay trong m&agrave;u &aacute;o tuyển Xứ Wales. Anh ghi b&agrave;n li&ecirc;n tục để gi&uacute;p đội nh&agrave; đứng trước cơ hội gi&agrave;nh v&eacute; dự v&ograve;ng chung kết EURO 2016. Một trong những nguy&ecirc;n nh&acirc;n gi&uacute;p cựu sao Tottenham thi đấu như l&ecirc;n đồng nằm ở vị tr&iacute; tr&ecirc;n s&acirc;n của Bale khi anh được ph&eacute;p đ&aacute; tự do. Ch&iacute;nh hệ thống n&agrave;y gi&uacute;p ng&ocirc;i sao 26 như được giải ph&oacute;ng khỏi sự t&ugrave; t&uacute;ng, thay v&igrave; chỉ biết b&aacute;m bi&ecirc;n như người ta vẫn thường biết đến.</p>\r\n\r\n<p>Hẳn l&agrave;, Benitez muốn chuyển ho&aacute; Bale. Đ&acirc;y l&agrave; &yacute; tưởng đầy t&aacute;o bạo nhưng cũng đ&aacute;ng để thực hiện. Thậm ch&iacute;, b&aacute;o Marca c&ograve;n c&oacute; b&agrave;i ph&acirc;n t&iacute;ch khẳng định &ocirc;ng Benitez đang muốn biến Bale th&agrave;nh một trung phong cắm của Real Madrid. Thực chất, Bale c&oacute; tốc độ, khả năng dứt điểm tốt. Đ&oacute; to&agrave;n những tố chất của một tiền đạo. Khi cần, anh c&oacute; thể đổi c&aacute;nh với Ronaldo, theo đ&oacute; cho ph&eacute;p số 7 di chuyển v&agrave;o giữa c&ograve;n Bale chuyển c&aacute;nh.</p>\r\n\r\n<p><a href="http://a5.img.bongda.com.vn/wp-content/uploads/2015/07/960.jpg"><img alt="Bale có thể đổi vị trí với Ronaldo trong sơ đồ 4-2-3-1. Ảnh: Internet." src="http://a5.img.bongda.com.vn/wp-content/uploads/2015/07/960.jpg" style="height:400px; width:620px" /></a></p>\r\n\r\n<p>Bale c&oacute; thể đổi vị tr&iacute; với Ronaldo trong sơ đồ 4-2-3-1. Ảnh: Internet.</p>\r\n\r\n<p>Bằng hệ thống chiến thuật n&agrave;y, Real Madrid sẽ c&oacute; những con người với đầy sự biến ảo trong khả năng di chuyển v&agrave; tạo ra nhiều phương &aacute;n tiếp cận khung th&agrave;nh đối phương. Nếu l&agrave; vậy, h&igrave;nh h&agrave;i Los Blancos trong thời gian tới sẽ rất đ&aacute;ng chờ đợi. D&ugrave; chưa biết t&iacute;nh hiệu quả của tư duy chiến thuật mới ra sao, nhưng đ&uacute;ng l&agrave; Rafa Benitez đang muốn khẳng định đội b&oacute;ng l&uacute;c n&agrave;y đang l&agrave; của &ocirc;ng v&agrave; được vận h&agrave;nh với nguồn cảm hứng mang t&ecirc;n &ldquo;Gareth Bale&rdquo;.</p>\r\n', 'bale3.jpg', '2015-07-19 10:46:51', 1, 17, 3, 1);
INSERT INTO `news` (`news_id`, `news_title`, `news_author`, `news_description`, `news_detail`, `news_img`, `news_time`, `news_view`, `cate_id`, `parent_id`, `user_id`) VALUES
(19, 'Arda Turan có thể được đem cho mượn', 'Bongda.com.vn', 'Điều này đã được ông Josep Maria Bartomeu – ứng viên cho chức chủ tịch Barcelona xác nhận với truyền thông Tây Ban Nha.\r\nTuran nhiều khả năng sẽ được đem cho mượn. Ảnh: Internet.', '<p><a href="http://a5.img.bongda.com.vn/wp-content/uploads/2015/07/ardaturan-cropped_1b7wt0h9r6a0c1jxsgsaglmgzs1.jpg"><img alt="Turan nhiều khả năng sẽ được đem cho mượn. Ảnh: Internet." src="http://a5.img.bongda.com.vn/wp-content/uploads/2015/07/ardaturan-cropped_1b7wt0h9r6a0c1jxsgsaglmgzs1.jpg" style="height:430px; width:620px" /></a></p>\r\n\r\n<p>Turan nhiều khả năng sẽ được đem cho mượn. Ảnh: Internet.</p>\r\n\r\n<p>Như ch&uacute;ng ta đ&atilde; biết, cả hai hợp đồng Aleix Vidal v&agrave; Arda Turan sẽ kh&ocirc;ng thể thi đấu cho đội b&oacute;ng xứ Catalan bởi &aacute;n phạt m&agrave; đội chủ s&acirc;n Nou Camp phải chịu do chuyển nhượng cầu thủ trẻ tr&aacute;i luật. Thậm ch&iacute; c&aacute;ch đ&acirc;y v&agrave;i ng&agrave;y, FIFA cũng th&ocirc;ng b&aacute;o với Barcelona l&agrave; họ kh&ocirc;ng thể sử dụng hai t&acirc;n binh của m&igrave;nh ngay cả trong c&aacute;c trận giao hữu.</p>\r\n\r\n<p>&nbsp;</p>\r\n\r\n<p>Ch&iacute;nh v&igrave; thế, để c&oacute; thể gi&uacute;p c&aacute;c t&acirc;n b&igrave;nh duy tr&igrave; phong độ cho sự trở lại v&agrave;o th&aacute;ng một. <strong>Barcelona nhiều khả năng sẽ đem cho mượn Vidal v&agrave; Turan.</strong></p>\r\n\r\n<p>Trong một b&agrave;i phỏng vấn với k&ecirc;nh truyền thanh RAC1, khi được hỏi về việc liệu Barca sẽ cho tiền vệ người Thổ Nhĩ Kỳ thi đấu theo dạng cho mượn hay kh&ocirc;ng, &ocirc;ng Bartomeu đ&atilde; kh&ocirc;ng ngần ngại n&oacute;i c&oacute;. Tuy nhi&ecirc;n &ocirc;ng cũng cho rằng quyết định cuối c&ugrave;ng lu&ocirc;n thuộc về HLV trưởng.</p>\r\n\r\n<p><em>&ldquo;Điều n&agrave;y ho&agrave;n to&agrave;n c&oacute; thể xảy ra. Ch&uacute;ng t&ocirc;i rất quan t&acirc;m đến khả năng n&agrave;y. <strong>Nhưng n&oacute; sẽ được quyết định bởi HLV Luis Enrique</strong>.&rdquo;</em></p>\r\n\r\n<p>Ngo&agrave;i ra, &ocirc;ng n&agrave;y cũng nhấn mạnh rằng CLB được cho mượn chắc chắn kh&ocirc;ng phải l&agrave; một CLB tham dự Champions League.</p>\r\n\r\n<p><em>&ldquo;Đ&oacute; sẽ kh&ocirc;ng phải l&agrave; một CLB thi đấu tại Champions League. Ch&uacute;ng t&ocirc;i cần mọi cầu thủ cho đấu trường khắc nghiệt n&agrave;y.&rdquo;</em></p>\r\n', 'ardaturan-cropped_1b7wt0h9r6a0c1jxsgsaglmgzs1.jpg', '2015-07-19 11:37:51', 16, 17, 3, 1),
(20, 'Bayern Munich xác nhận muốn có Arturo Vidal', 'Bongda.com.vn', 'Giám đốc điều hành Bayern Munich, Karl-Heinz Rummenigge đã chính thức lên tiếng vụ chiêu mộ Arturo Vidal của Juventus.', '<p><a href="http://a5.img.bongda.com.vn/wp-content/uploads/2015/07/vida.jpg"><img alt="Vidal sắp gia nhập Bayern Munich. Ảnh internet." src="http://a5.img.bongda.com.vn/wp-content/uploads/2015/07/vida.jpg" style="height:430px; width:620px" /></a></p>\r\n\r\n<p>Vidal sắp gia nhập Bayern Munich. Ảnh internet.</p>\r\n\r\n<p>&Iacute;t ng&agrave;y qua, b&aacute;o giới đồng loạt đưa tin Bayern Munich đ&atilde; tiến rất gần tới việc c&oacute; được chữ k&yacute; của tiền vệ Arturo Vidal với<a href="http://www.bongda.com.vn/photo/5-su-thay-cho-arturo-vidal-tai-juventus/" target="_blank"> bản hợp đồng trị gi&aacute; v&agrave;o khoảng 40 triệu euro.</a></p>\r\n\r\n<p>Thương vụ n&agrave;y xuất hiện sau khi Bayern Munich đồng &yacute; b&aacute;n Bastian Schweinsteiger cho ph&iacute;a Manchester United v&igrave; họ <strong>cần một tiền vệ đẳng cấp kh&aacute;c thay thế ở tuyến giữa.</strong></p>\r\n\r\n<p>Ch&iacute;nh gi&aacute;m đốc điều h&agrave;nh, Rummenigge đ&atilde; x&aacute;c nhận H&ugrave;m x&aacute;m thực sự nghi&ecirc;m t&uacute;c muốn c&oacute; Vidal tuy nhi&ecirc;n mọi thứ vẫn chưa ho&agrave;n tất.</p>\r\n\r\n<p><em>&ldquo;Ch&uacute;ng t&ocirc;i phải chờ đợi. T&ocirc;i chưa thể x&aacute;c nhận thương vụ Vidal đ&atilde; ho&agrave;n tất nhưng Bayern Munich đang đ&agrave;m ph&aacute;n chi&ecirc;u mộ Vidal.&rdquo; </em>Gi&aacute;m đốc điều h&agrave;nh Karl-Heinz Rummenigge chia sẻ tr&ecirc;n Sky Sports.</p>\r\n\r\n<p><em>&ldquo;Hy vọng, Vidal c&oacute; thể gia nhập <a href="http://beta.bongda.com.vn/tags/bayern-munich" target="_blank">Bayern Munich</a> sau khi thương vụ n&agrave;y thất bại v&agrave;o năm 2011 (Vidal khi ấy chơi cho Bayer Leverkusen). Chắc chắn Vidal sẽ kh&ocirc;ng kịp c&ugrave;ng ch&uacute;ng t&ocirc;i tham dự tour du đấu H&egrave; tại Trung Quốc.&rdquo;</em></p>\r\n\r\n<p>Tờ Turin cho hay, Arturo Vidal sẽ đặt b&uacute;t k&iacute; bản hợp đồng 4 năm với Bayern Munich. Tại Allianz Arena, tiền vệ người Chile sẽ hưởng mức lương 6,5 triệu euro/m&ugrave;a.</p>\r\n', 'vida.jpg', '2015-07-19 04:50:31', 0, 20, 4, 1),
(21, 'Inter Milan tiếp tục ghi 4 bàn trong trận thứ 2 liên tiếp', 'Bongda.com.vn', 'Chỉ trong 2 trận giao hữu đầu tiên trong mùa Hè năm nay, Inter Milan đã ghi được tổng cộng tới 8 bàn.', '<p><strong><a href="http://a5.img.bongda.com.vn/wp-content/uploads/2015/07/3a1211.jpg"><img alt="Inter Milan, giao hữu, Capi" src="http://a5.img.bongda.com.vn/wp-content/uploads/2015/07/3a1211.jpg" style="height:465px; width:620px" /></a></strong></p>\r\n\r\n<p>Hồi cuối tuần qua, Inter Milan đ&atilde; ch&iacute;nh thức bước v&agrave;o giai đoạn giao hữu chuẩn bị cho m&ugrave;a giải mới bằng chiến thắng 4-3 (dẫn trước 4-0 trong hiệp một) trước đội b&oacute;ng của nước Đức l&agrave; Stuttgart Kickers.</p>\r\n\r\n<p>&nbsp;</p>\r\n\r\n<p>V&agrave;o ng&agrave;y h&ocirc;m qua, Nerazzurri tiếp tục bước v&agrave;o <strong>trận đấu thứ hai khi đối đầu c&ugrave;ng Carpi,</strong> v&agrave; đ&oacute; cũng l&agrave; một trận đấu tương đối dễ d&agrave;ng đối với đo&agrave;n qu&acirc;n của HLV Roberto Mancini với <strong>tỷ số 4-2.</strong></p>\r\n\r\n<p>Những cầu thủ đ&atilde; ghi b&agrave;n thắng cho Inter Milan trong trận đấu n&agrave;y lần lượt l&agrave; Palacio (4), Icardi (24), Hernanes (33) v&agrave; Longo (47). Trong khi đ&oacute; hai cầu thủ đ&atilde; ghi b&agrave;n cho Capi đ&oacute; l&agrave; Lasagna (23) v&agrave; Matos (69).</p>\r\n\r\n<p>Trong trận đấu n&agrave;y, Xherdan Shaqiri tiếp tục kh&ocirc;ng g&oacute;p mặt trong danh s&aacute;ch đăng k&yacute;, v&agrave; hiện cũng đ&atilde; c&oacute; tin ng&ocirc;i sao người Thụy Sĩ cũng đ&atilde; ch&agrave;o tạm biệt c&aacute;c đồng đội v&agrave; đang tr&ecirc;n đường rời Inter Milan.</p>\r\n', '3a1211.jpg', '2015-07-19 04:49:58', 0, 20, 4, 1),
(22, 'Bị Inter hắt hủi, Shaqiri đồng ý ra đi', 'Bongda.com.vn', 'Theo giới thạo tin tại Italia, bị Inter Milan hất hủi, vừa qua Xherdan Shaqiri đã chào tạm biệt các đồng đội để chuẩn bị trở lại Đức thi đấu.', '<p><a href="http://a5.img.bongda.com.vn/wp-content/uploads/2015/07/3a1313.jpg"><img alt="Inter Milan, Xherdan Shaqiri,  Schalke 04" src="http://a5.img.bongda.com.vn/wp-content/uploads/2015/07/3a1313.jpg" style="height:372px; width:620px" /></a></p>\r\n\r\n<p>Tuy chỉ mới đầu qu&acirc;n cho Inter Milan được hơn 6 th&aacute;ng, nhưng với sự h&ograve;a nhập qu&aacute; chậm, Xherdan Shaqiri đ&atilde; được Inter Milan c&ocirc;ng khai rao b&aacute;n tr&ecirc;n TTCN trong thời gian qua.</p>\r\n\r\n<p>&nbsp;</p>\r\n\r\n<p>C&oacute; một vấn đề đối với Inter Milan trong thời gian qua, đ&oacute; ch&iacute;nh l&agrave; việc bản th&acirc;n Xherdan Shaqiri lại ho&agrave;n to&agrave;n kh&ocirc;ng muốn ra đi, điều đ&atilde; khiến cho gi&aacute;m đốc thể thao Piero Ausilio buộc phải l&ecirc;n tiếng k&ecirc;u gọi ng&ocirc;i sao người Thụy Sĩ n&ecirc;n nhanh ch&oacute;ng rời khỏi đội b&oacute;ng.</p>\r\n\r\n<p>Trước sự hắt hủi, cuối c&ugrave;ng Xherdan<strong> Shaqiri cũng đ&atilde; đồng &yacute; ra đi,</strong> v&agrave; theo c&aacute;c nguồn tin tại Italia th&igrave; vừa qua ng&ocirc;i sao được mệnh danh l&agrave; &lsquo;Messi của Thụy Sĩ&rsquo; n&agrave;y cũng đ&atilde; l&ecirc;n tiếng ch&agrave;o tạm biệt c&aacute;c đồng đội tại Inter.</p>\r\n\r\n<p>Được biết nhiều khả năng<strong> bến đỗ tiếp theo của Xherdan Shaqiri sẽ l&agrave; Schalke 04</strong>, đội b&oacute;ng nhiều khả năng sẽ chia tay Julian Draxler trong m&ugrave;a H&egrave; năm nay.</p>\r\n', '3a1313.jpg', '2015-07-19 04:49:32', 0, 20, 4, 1),
(23, 'Balotelli bị CĐV ghét, Fiorentina hướng đến con mồi của Monaco', 'Bongda.com.vn', 'Theo những thông tin từ trang Sky Sport Italia, trước sự phản đối của các CĐV dành cho Mario Balotelli, Fiorentina giờ đã chuyển hướng sang Mattia Destro.', '<p>&nbsp;</p>\r\n\r\n<p><a href="http://a5.img.bongda.com.vn/wp-content/uploads/2015/07/3a1413.jpg"><img alt=" Mario Balotelli, Fiorentina, Mattia Destro" src="http://a5.img.bongda.com.vn/wp-content/uploads/2015/07/3a1413.jpg" style="height:465px; width:620px" /></a></p>\r\n\r\n<p>Balotelli hiện kh&ocirc;ng được l&ograve;ng c&aacute;c CĐV Fiorentina.</p>\r\n\r\n<p>V &agrave;o thời điểm hiện tại, đang c&oacute; rất nhiều th&ocirc;ng tin về việc tiền đạo chủ lực Mario Gomez đang xem x&eacute;t chia tay Fiorentina trong m&ugrave;a H&egrave; năm nay để chuyển sang những đội b&oacute;ng được dự Champions League v&agrave;o m&ugrave;a sau.</p>\r\n\r\n<p>&nbsp;</p>\r\n\r\n<p>Trước t&igrave;nh h&igrave;nh đ&oacute;, Viola cũng đ&atilde; bắt đầu chuẩn bị những phương &aacute;n thay thế cho tiền đạo người Đức, v&agrave; một trong số đ&oacute; ch&iacute;nh l&agrave; việc ch&acirc;n s&uacute;t đang bị thất sủng của Liverpool, Mario Balotelli.</p>\r\n\r\n<p>Tuy nhi&ecirc;n &yacute; tưởng n&agrave;y đ&atilde;<strong> vấp phải sự phản đối rất quyết liệt từ c&aacute;c CĐV,</strong> v&igrave; họ cho rằng đội chủ s&acirc;n Franchi ho&agrave;n to&agrave;n kh&ocirc;ng cần những cầu thủ v&ocirc; kỷ luật như Balotelli.</p>\r\n\r\n<p>Theo những ghi nhận mới đ&acirc;y từ trang Sky Sport Italia, trước sức &eacute;p từ CĐV, BLĐ Fiorentina cũng đ&atilde; quyết định từ bỏ kế hoạch tiếp cận Balotelli, thay v&agrave;o đ&oacute; họ sẽ<strong> hướng sang một mục ti&ecirc;u kh&aacute;c đ&oacute; l&agrave; Mattia Destro</strong>, cầu thủ hiện đang nhận được sự quan t&acirc;m rất lớn từ ph&iacute;a Monaco.</p>\r\n', '3a1413.jpg', '2015-07-19 04:48:44', 0, 20, 4, 1),
(24, 'Con mồi tiếp theo của Juventus: Draxler hoặc Cuadrado', 'Bongda.com.vn', 'Theo những thông tin từ trang Sky Sport Italia, Juventus đang lên kế hoạch tăng cường một cầu thủ chạy cánh, và đối tượng mà họ đang nhắm tới chính là Julian Draxler và Juan Cuadrado.', '<p><a href="http://a5.img.bongda.com.vn/wp-content/uploads/2015/07/3a1513.jpg"><img alt="Juventus, Julian Draxler, Juan Cuadrado" src="http://a5.img.bongda.com.vn/wp-content/uploads/2015/07/3a1513.jpg" style="height:400px; width:610px" /></a></p>\r\n\r\n<p>Trong thời gian gần đ&acirc;y, Juventus đ&atilde; kh&ocirc;ng &iacute;t lần c&ocirc;ng khai thừa nhận họ muốn c&oacute; được sự phục vụ của Juan Cuadrado, cầu thủ đang bị chỉ tr&iacute;ch rất nhiều tại Chelseas v&igrave; phong đồ mờ nhạt.</p>\r\n\r\n<p>&nbsp;</p>\r\n\r\n<p>Tuy nhi&ecirc;n ph&iacute;a Chelsea hiện vẫn đang tỏ ra v&ocirc; c&ugrave;ng lưỡng lự trong việc để cho Juan Cuadrado chuyển sang Juventus, khi họ vẫn chưa t&igrave;m được cầu thủ n&agrave;o để thay thế tiền vệ người Colombia. Theo một số nguồn tin, Chelsea sẽ chỉ chấp nhận để Juan<strong> Cuadrado ra đi nếu như họ chi&ecirc;u mộ th&agrave;nh c&ocirc;ng ng&ocirc;i sao của Barcelona l&agrave; Pedro Rodr&iacute;guez.</strong></p>\r\n\r\n<p>Ở một diễn biến kh&aacute;c từ những th&ocirc;ng tin của Sky Sport Italia, Juan Cuadrado kh&ocirc;ng phải l&agrave; cầu thủ chạy c&aacute;nh duy nhất đang lọt v&agrave;o tầm ngắm của Juventus, m&agrave; b&ecirc;n cạnh đ&oacute; <strong>c&ograve;n c&oacute; Julian Draxler của Schalke 04</strong>, cầu thủ từng được đội b&oacute;ng nước Đức h&eacute;t gi&aacute; l&ecirc;n tới 45 triệu euro, nhưng nay theo giới quan s&aacute;t cho biết th&igrave; g<strong>i&aacute; trị của cầu thủ n&agrave;y chỉ c&ograve;n 20 triệu euro</strong> v&igrave; thường xuy&ecirc;n d&iacute;nh chấn thương trong thời gian gần đ&acirc;y.</p>\r\n', '3a1513.jpg', '2015-07-19 04:48:03', 0, 20, 4, 1),
(25, 'Bayern Munich mất Robben trong tour du đấu châu Á', 'Bongda.com.vn', 'Cựu cầu thủ chạy cánh của Real Madrid sẽ không có mặt trong chuyến bay cùng Bayern Munich lên đường sang châu Á tham dự tour du đấu tiền mùa giải vì dính một chút vấn đề liên quan đến cơ bắp.', '<p><a href="http://a5.img.bongda.com.vn/wp-content/uploads/2015/07/robben5.jpg"><img alt="Bayern Munich mất Robben trong tour du đấu châu Á. Ảnh: Internet." src="http://a5.img.bongda.com.vn/wp-content/uploads/2015/07/robben5.jpg" style="height:430px; width:620px" /></a></p>\r\n\r\n<p>Bayern Munich mất Robben trong tour du đấu ch&acirc;u &Aacute;. Ảnh: Internet.</p>\r\n\r\n<p>Sắp tới, c&aacute;c cầu thủ Bayern Munich sẽ tới Trung Quốc du đấu. Đ&acirc;y l&agrave; qu&aacute; tr&igrave;nh chuẩn bị cho m&ugrave;a giải mới 2015-16. Nhưng khi b&oacute;ng c&ograve;n chưa lăn, <strong>Bayern Munich đ&atilde; mất người với chấn thương của <a href="http://www.bongda.com.vn/tags/Arjen-Robben/" target="_blank">Arjen Robben</a>.</strong></p>\r\n\r\n<p>D&ugrave; vấn đề của cầu thủ người H&agrave; Lan gặp phải kh&ocirc;ng nghi&ecirc;m trọng, tuy nhi&ecirc;n Bayern Munich kh&ocirc;ng muốn mạo hiểm sử dụng ng&ocirc;i sao n&agrave;y. Năm ngo&aacute;i, họ đ&atilde; mất Robben trong giai đoạn quan trọng của nửa sau m&ugrave;a giải.</p>\r\n\r\n<p>Ngo&agrave;i Robben, nhiều t&ecirc;n tuổi của &ldquo;H&ugrave;m x&aacute;m&rdquo; như Franck Ribery, Holger Badstuber, Dante v&agrave; Jan Kirchhoff cũng kh&ocirc;ng thể g&oacute;p mặt trong tour du đấu ch&acirc;u &Aacute; lần n&agrave;y v&igrave; những vấn đề sức khoẻ ri&ecirc;ng.</p>\r\n\r\n<p>Theo Goal.com, Bayern Munich sẽ c&oacute; 8 ng&agrave;y thi đấu tr&ecirc;n đất Trung Quốc v&agrave; sẽ chạm tr&aacute;n Valencia, Inter Milan trước khi đụng độ đội b&oacute;ng nh&agrave; gi&agrave;u của đất nước n&agrave;y l&agrave; Guangzhou Evergrande.</p>\r\n', 'robben5.jpg', '2015-07-19 04:47:25', 0, 23, 5, 1),
(26, 'Thay Schweinsteiger: Bayern Munich tính “cướp” Vidal', 'Bongda.com.vn', 'Tờ Goal vừa đưa tin, Bayern Munich bất ngờ muốn có sự phục vụ của Arturo Vidal nhằm thay thế cho Bastian Schweinsteiger.', '<p><a href="http://a5.img.bongda.com.vn/wp-content/uploads/2015/07/vidal2.jpg"><img alt="Vidal sẽ về Bayern? Ảnh internet." src="http://a5.img.bongda.com.vn/wp-content/uploads/2015/07/vidal2.jpg" style="height:430px; width:620px" /></a></p>\r\n\r\n<p>Vidal sẽ về Bayern? Ảnh internet.</p>\r\n\r\n<p>Bastian <a href="http://www.bongda.com.vn/photo/5-dieu-can-biet-ve-tan-binh-m-u-bastian-schweinsteiger/" target="_blank">Schweinsteiger vừa ch&iacute;nh thức cập bến Manchester United</a>, qua đ&oacute; khiến Bayern Munich phải gấp r&uacute;t t&igrave;m một c&aacute;i t&ecirc;n chất lượng thay thế ở tuyến giữa.</p>\r\n\r\n<p>Theo đ&oacute;, tờ Goal khẳng định HLV Pep Guardiola rất kết Arturo Vidal v&agrave; sẽ gửi lời đề nghị ch&iacute;nh thức đến Juventus trong thời gian sớm nhất.</p>\r\n\r\n<p>Nguồn tin cho hay, hiện cả hai b&ecirc;n đ&atilde; ngồi v&agrave;o b&agrave;n đ&agrave;m ph&aacute;n cho thương vụ n&agrave;y. Cụ thể, ph&iacute;a Juventus muốn số tiền 40 triệu euro cho tiền vệ Arturo Vidal v&agrave; chỉ c&ograve;n chờ đợi t&iacute;n hiệu từ H&ugrave;m x&aacute;m.</p>\r\n\r\n<p>Vidal hiện nay được đ&aacute;nh gi&aacute; l&agrave; một trong những tiền vệ xuất sắc nhất ở vị tr&iacute; của m&igrave;nh. Chuỗi th&agrave;nh c&ocirc;ng li&ecirc;n tiếp của Juventus v&agrave;i m&ugrave;a giải qua <strong>in dấu gi&agrave;y</strong> <strong>rất lớn của cầu thủ năm nay 28 tuổi.</strong></p>\r\n\r\n<p>Tại Copa America 2015, Vidal ch&iacute;nh l&agrave; người chơi hay nhất, gi&uacute;p tuyển Chile l&ecirc;n ng&ocirc;i v&ocirc; địch sau loạt đ&aacute; lu&acirc;n lưu c&acirc;n n&atilde;o với Argentina trong trận chung kết.</p>\r\n\r\n<p>Nếu chi&ecirc;u mộ th&agrave;nh c&ocirc;ng Vidal, đ&acirc;y quả thực l&agrave; một nước cờ rất cao tay của <a href="http://beta.bongda.com.vn/tags/bayern-munich" target="_blank">Bayern Munich </a>bởi họ vừa b&aacute;n được Schweinsteiger, lại c&oacute; ngay một c&aacute;i t&ecirc;n đẳng cấp kh&aacute;c thay thế.</p>\r\n\r\n<p>Giới mộ điệu đ&aacute;nh gi&aacute; sự ra đi của Schweinsteiger kh&ocirc;ng ảnh hưởng nhiều đến sức mạnh của H&ugrave;m x&aacute;m v&igrave; đ&oacute;ng g&oacute;p của tiền vệ n&agrave;y trong m&ugrave;a giải qua l&agrave; rất &iacute;t.</p>\r\n\r\n<p>Chấn thương cộng g&aacute;nh nặng tuổi kh&aacute;c đ&atilde; hạn chế tầm ảnh hưởng của <a href="http://beta.bongda.com.vn/tags/bastian-schweinsteiger" target="_blank">Schweinsteiger </a>v&igrave; thế Bayern Munich kh&ocirc;ng hề muốn giữ người khi hay tin Manchester United tiếp cận.</p>\r\n\r\n<p>Như vậy, phương &aacute;n Arturo Vidal thực sự rất hợp l&yacute; v&agrave; đ&aacute;ng để Bayern Munich đầu tư nhằm hướng đến một m&ugrave;a giải th&agrave;nh c&ocirc;ng hơn.</p>\r\n', 'vidal2.jpg', '2015-07-19 04:45:58', 0, 23, 5, 1),
(27, 'Pep Guardiola: Nâng tầm hay phá hoại Bayern Munich?', 'Bongda.com.vn', 'Đã hai mùa giải chiến lược gia người Tây Ban Nha ngồi ghế nóng tại sân Alianz Arena. Thế nhưng Pep Guardiola vẫn chưa đặt được dấu ấn đáng kể của mình lên đội bóng, thậm chí dường như ông còn đang kéo tụt lùi đội bóng này.', '<p><a href="http://a5.img.bongda.com.vn/wp-content/uploads/2015/07/bay.jpg"><img alt="Pep Guardiola: Nâng tầm hay phá hoại Bayern Munich?" src="http://a5.img.bongda.com.vn/wp-content/uploads/2015/07/bay.jpg" style="height:372px; width:620px" /></a></p>\r\n\r\n<p>Đ&atilde; hai m&ugrave;a giải ngồi ghế n&oacute;ng tại s&acirc;n Alianz Arena, Pep Guardiola vẫn chưa đặt được dấu ấn đ&aacute;ng kể của m&igrave;nh l&ecirc;n đội b&oacute;ng. Ảnh: Internet.</p>\r\n\r\n<p>Hai m&ugrave;a giải &ocirc;ng dẫn dắt &ldquo;H&ugrave;m x&aacute;m&rdquo; <a href="http://www.bongda.com.vn/tags/Bayern-Munich/" target="_blank">Bayern Munich</a> v&ocirc; địch dễ d&agrave;ng Bundesliga. Nhưng cần biết rằng hai năm qua, ở Đức kh&ocirc;ng c&oacute; một thế lực n&agrave;o đủ sức ng&aacute;ng đường Bayern như Dortmund giai đoạn 2010-2013. Ngo&agrave;i ra, khi ra C&uacute;p C1, Bayern của Pep cũng lấm lưng trắng bụng lần lượt trước Real Madrid v&agrave; Barcelona.</p>\r\n\r\n<p>&nbsp;</p>\r\n\r\n<p>Cần biết rằng l&uacute;c Pep đến, di sản m&agrave; Jupp Hyenckes để lại thực sự khổng lồ. Một cỗ m&aacute;y bất khả chiến bại v&agrave; nghiền n&aacute;t đối phương đến t&agrave;n nhẫn đ&uacute;ng chất Đức. C&ograve;n b&acirc;y giờ n&oacute; c&oacute; phần cầu to&agrave;n v&agrave; nhạt nh&ograve;a hơn bởi triết l&yacute; tiki-taka m&agrave; cựu huấn luyện vi&ecirc;n của Barcelona cố &aacute;p đặt l&ecirc;n Bayern.</p>\r\n\r\n<p>Chưa hết, ch&iacute;nh sự cố chấp của <a href="http://www.bongda.com.vn/bong-da-duc/pep-guardiola-tiet-lo-ly-de-schweinsteiger-toi-m-u/" target="_blank">Pep đang l&agrave;m Bayern mất đi sức mạnh v&agrave; nhiều mắt x&iacute;ch quan trọng</a> khi để mất Mario Manzdukic, Toni Kroos, Bastian Schweinsteiger, Xherdan trong hai năm qua.</p>\r\n\r\n<p>C&ugrave;ng với đ&oacute; việc kh&ocirc;ng khai th&aacute;c đ&uacute;ng mức t&agrave;i năng của Mario Goetze v&agrave; Thomas Muller cũng để lại nhiều dấu hỏi khi bộ đ&ocirc;i n&agrave;y chơi cực tốt ở ĐTQG v&agrave; gi&uacute;p Cỗ xe tăng l&ecirc;n ng&ocirc;i ở World Cup 2014.</p>\r\n\r\n<p>Những bản hợp đồng m&agrave; Pep đem về s&acirc;n Alianz Arena như Thiago Alcantara, Medhi Benatia, Pepe Reina thực sự kh&ocirc;ng đ&oacute;ng g&oacute;p nhiều cho Bayern trong khi Robert Lewandowski cũng chơi kh&ocirc;ng đ&uacute;ng với kỳ vọng.</p>\r\n\r\n<p>Bayern dưới thời Pep chuyền nhiều hơn, kiểm so&aacute;t b&oacute;ng nhiều hơn đặt t&iacute;nh an to&agrave;n l&ecirc;n cao hơn nhưng cũng mất đi sự b&ugrave;ng nổ mạnh mẽ v&agrave; ch&aacute;y bỏng của Bayern dưới thời Hyenckes. Ch&iacute;nh điều đ&oacute; l&agrave;m kh&ocirc;ng &iacute;t người h&acirc;m mộ &ldquo;H&ugrave;m x&aacute;m&rdquo; kh&oacute; chịu nhưng lại được sự ủng hộ v&agrave; tin tưởng từ BLĐ Bayern n&ecirc;n Pep vẫn c&ograve;n tại vị.</p>\r\n\r\n<p>Thực chất, <strong>đ&atilde; c&oacute; nhiều l&uacute;c chiếc ghế huấn luyện của Pep đ&atilde; bị lung lay dữ dội</strong> v&agrave; c&oacute; vẻ nếu kh&ocirc;ng cải thiện được t&igrave;nh h&igrave;nh ở m&ugrave;a giải tới th&igrave; chiến lược gia từng gi&uacute;p Barca ăn 6 n&agrave;y cũng sẽ bị đ&aacute; văng ra đường.</p>\r\n\r\n<p>Việc để mất Schweinsteiger, trong khi những Arjen Robben, Franck Ribery, Xabi Alonso đ&atilde; luống tuổi th&igrave; thực sự khu trung tuyến của nh&agrave; ĐKVĐ Bundesliga vấp phải qu&aacute; nhiều kh&oacute; khăn.</p>\r\n\r\n<p>Trong khi với triết l&yacute; của m&igrave;nh, Pep lu&ocirc;n coi trọng h&agrave;ng tiền vệ nhất bởi việc kiểm so&aacute;t b&oacute;ng đặt g&aacute;nh nặng l&ecirc;n khu trung tuyến rất lớn.</p>\r\n\r\n<p>C&oacute; thể n&oacute;i, sau hai năm Pep đang l&agrave;m đội h&igrave;nh bất khả chiến bại ng&agrave;y n&agrave;o của Bayern đang dần tan r&atilde; đi chứ kh&ocirc;ng phải theo &ocirc;ng n&oacute;i l&agrave; hướng đến sự ho&agrave;n hảo hơn. Kh&ocirc;ng thể khẳng định Pep đ&atilde; thất bại trong hai năm ở s&acirc;n Alianz Arena nhưng n&oacute;i đến việc &ocirc;ng đ&atilde; n&acirc;ng tầm được đội b&oacute;ng th&igrave; ho&agrave;n to&agrave;n l&agrave; điều viễn v&ocirc;ng v&agrave; xa vời.</p>\r\n\r\n<p>Pep kh&ocirc;ng c&ograve;n nhiều thời gian ở Bayern v&agrave; &ocirc;ng hiểu rằng nếu kh&ocirc;ng thể th&agrave;nh c&ocirc;ng với đội b&oacute;ng trong m&ugrave;a tới m&agrave; mục ti&ecirc;u cao nhất vẫn l&agrave; chức v&ocirc; địch Champions League th&igrave; ng&agrave;y &ocirc;ng bị thanh l&yacute; kh&ocirc;ng c&ograve;n xa. H&atilde;y chứng minh rằng &ocirc;ng kh&ocirc;ng ăn may ở Barca đi Pep.</p>\r\n', 'bay.jpg', '2015-07-19 04:45:33', 0, 23, 5, 1),
(28, 'Schweinsteiger về M.U, Bayern mất trái tim và khối óc', 'Bongda.com.vn', 'Cựu HLV Bayern Munich, Jupp Heynckes đã nhận định như thế khi chứng kiến Bastian Schweinsteiger chuyển sang khoác áo Manchester United.', '<p><a href="http://a5.img.bongda.com.vn/wp-content/uploads/2015/07/baass.jpg"><img alt="Schweinsteiger không còn là người của Bayern. Ảnh internet." src="http://a5.img.bongda.com.vn/wp-content/uploads/2015/07/baass.jpg" style="height:355px; width:570px" /></a></p>\r\n\r\n<p>Schweinsteiger kh&ocirc;ng c&ograve;n l&agrave; người của Bayern. Ảnh internet.</p>\r\n\r\n<p>Sau hơn 17 năm gắn b&oacute;, Bastian Schweinsteiger đ&atilde; quyết định đầu qu&acirc;n cho Quỷ đỏ th&agrave;nh Manchester với bản hợp đồng trị gi&aacute; khoảng 12 triệu bảng.</p>\r\n\r\n<p>Tại Bayern, Schweinsteiger từng được xem l&agrave; qu&acirc;n b&agrave;i quan trọng nhất tuy nhi&ecirc;n kể từ khi HLV Pep Guardiola l&ecirc;n nắm quyền, <strong>vị tr&iacute; của anh bị lung lay dữ dội</strong> bởi sự xuất hiện của Xabi Alonso.</p>\r\n\r\n<p>Chứng kiến người học tr&ograve; cũ của m&igrave;nh kh&ocirc;ng c&ograve;n chơi cho đội chủ s&acirc;n Allianz Arena m&ugrave;a tới, HLV Heynckes đ&atilde; cảm thấy rất tiếc nuối.</p>\r\n\r\n<p><em>&ldquo;<a href="http://beta.bongda.com.vn/tags/bastian-schweinsteiger" target="_blank">Bastian </a>l&agrave; tr&aacute;i tim v&agrave; khối &oacute;c của Bayern Munich.&rdquo;</em> Heynckes ph&aacute;t biểu tr&ecirc;n <em>Kicker</em>.<em> &ldquo;Cậu ấy lu&ocirc;n mang đến mọi thứ tốt nhất cho đội b&oacute;ng m&agrave; &iacute;t nghĩ cho bản th&acirc;n.&rdquo;</em></p>\r\n\r\n<p><em>&ldquo;Bastian đ&atilde; thực sự l&agrave; một biểu tượng của CLB như Franz Beckenbauer hay Gerd Muller. Cả nền b&oacute;ng đ&aacute; Đức v&agrave; NHM sẽ nhớ cậu ấy rất nhiều.&rdquo;</em></p>\r\n\r\n<p><em>&ldquo;Th&agrave;nh thật m&agrave; n&oacute;i, sẽ chẳng c&ograve;n ai c&oacute; thể thay thế được Bastian tại <a href="http://beta.bongda.com.vn/tags/bayern-munich" target="_blank">Bayern Munich.&rdquo;</a></em></p>\r\n\r\n<p>Dưới thời Heynckes, Bastian Schweinsteiger đ&oacute;ng vai tr&ograve; cực kỳ quan trọng, gi&uacute;p H&ugrave;m x&aacute;m đoạt c&uacute; ăn ba lịch sử v&agrave;o m&ugrave;a giải 2012/13.</p>\r\n', 'baass.jpg', '2015-07-19 04:45:11', 0, 23, 5, 1),
(29, 'Pep Guardiola tiết lộ lý do để Schweinsteiger tới M.U', 'Bongda.com.vn', 'Trước báo giới, HLV Pep Guardiola cho rằng việc Schweinsteiger chuyển tới thi đấu cho Man Utd chỉ là quyết định cá nhân.', '<p><a href="http://a5.img.bongda.com.vn/wp-content/uploads/2015/07/pep2.jpg"><img alt="Pep Guardiola tiết lộ lý do để Schweinsteiger tới M.U" src="http://a5.img.bongda.com.vn/wp-content/uploads/2015/07/pep2.jpg" style="height:430px; width:620px" /></a></p>\r\n\r\n<p>Pep Guardiola l&ecirc;n tiếng cảm ơn Schweinsteiger. Ảnh: Internet.</p>\r\n\r\n<p>Như đ&atilde; biết, mới đ&acirc;y, <a href="http://www.bongda.com.vn/tin-nong/schweinsteiger-chinh-thuc-len-tieng-vu-sang-man-united/" target="_blank">M.U đ&atilde; đạt được thỏa thuận chi&ecirc;u mộ Schweinsteiger</a> với mức ph&iacute; khoảng 12 triệu bảng (16,75 triệu euro).</p>\r\n\r\n<p>&nbsp;</p>\r\n\r\n<p>Việc <a href="http://bongda.com.vn/tags/Bastian-Schweinsteiger" target="_blank">Schweinsteiger</a> rời khỏi Bayern Munich, nơi anh đ&atilde; gắn b&oacute; trong 17 năm, được coi l&agrave; bất ngờ lớn. Nhiều người cho rằng n&oacute; xuất ph&aacute;t từ mối quan hệ &ldquo;cơm chẳng l&agrave;nh, canh chẳng ngọt&rdquo; với HLV Pep Guardiola.</p>\r\n\r\n<p>Tuy nhi&ecirc;n, trước b&aacute;o giới, chiến lược gia người T&acirc;y Ban Nha khẳng định rằng việc ra đi của tiền vệ người Đức chỉ l&agrave; quyết định của c&aacute; nh&acirc;n. B&ecirc;n cạnh đ&oacute;, &ocirc;ng cũng l&ecirc;n tiếng c&aacute;m ơn Schweinsteiger.</p>\r\n\r\n<p>HLV Pep Guardiola cho biết:<em> &ldquo;Được l&agrave;m việc với Schweinsteiger l&agrave; vinh dự lớn đối với t&ocirc;i. Ch&uacute;ng t&ocirc;i đ&atilde; n&oacute;i chuyện về chủ đề n&agrave;y v&agrave; t&ocirc;i đ&atilde; để cậu ấy tự quyết định tương lai.</em></p>\r\n\r\n<p><em>V&igrave; vậy, <strong>đ&oacute; chỉ đơn thuần l&agrave; quyết định c&aacute; nh&acirc;n</strong>. Cậu ấy muốn c&oacute; th&ecirc;m trải nghiệm mới. D&ugrave; sao, t&ocirc;i cũng muốn c&aacute;m ơn rất, rất nhiều với Schweinsteiger.&rdquo;</em></p>\r\n\r\n<p>Ngay trước khi rời khỏi Bayern Munich, Schweinsteiger đ&atilde; viết t&acirc;m thư chia tay CLB n&agrave;y. Hiện tại, tiền vệ người Đức đang c&oacute; mặt ở Manchester để kiểm tra y tế trước khi trở th&agrave;nh người của M.U.</p>\r\n', 'pep2.jpg', '2015-07-19 04:44:48', 0, 23, 5, 1),
(30, 'Những con số thống kê có thể bạn chưa biết về El Shaarawy?', 'Bongda.com.vn', 'Như vậy là El Shaarawy đã chính thức rời AC Milan để chuyển đến đầu quân cho AS Monaco theo dạng cho mượn có thời hạn một năm.', '<p><a href="http://a5.img.bongda.com.vn/wp-content/uploads/2015/07/ElShaarawy.jpg"><img alt="Những con số thống kê có thể bạn chưa biết về El Shaarawy?" src="http://a5.img.bongda.com.vn/wp-content/uploads/2015/07/ElShaarawy.jpg" style="height:398px; width:620px" /></a></p>\r\n\r\n<p>El Shaarawy đ&atilde; ch&iacute;nh thức rời AC Milan để chuyển đến đầu qu&acirc;n cho AS Monaco. Ảnh: Internet.</p>\r\n\r\n<p>Đ&oacute; được xem l&agrave; bước đi tốt cho sự nghiệp của t&agrave;i năng trẻ s&aacute;ng gi&aacute; một thời của b&oacute;ng đ&aacute; Italia. V&agrave; sau đ&acirc;y l&agrave; những con số thống k&ecirc; gi&uacute;p bạn đọc h&igrave;nh dung r&otilde; hơn về t&acirc;n binh của đội b&oacute;ng nước Ph&aacute;p n&agrave;y.</p>\r\n\r\n<p>&nbsp;</p>\r\n\r\n<p><strong>1. </strong><a href="http://www.bongda.com.vn/tags/Stephan-El-Shaarawy" target="_blank">El Shaarawy</a> sinh ng&agrave;y 27/10/1992 tại th&agrave;nh phố Savona của Italia. Trong người anh mang hai d&ograve;ng m&aacute;u bởi bố anh l&agrave; người Italia ch&iacute;nh gốc, c&ograve;n mẹ anh l&agrave; người Ai Cập. Thế n&ecirc;n nhiều CĐV <a href="http://www.bongda.com.vn/tags/AC-Milan" target="_blank">Milan</a> ưu &aacute;i gọi anh bằng c&aacute;i t&ecirc;n th&acirc;n mật: &ldquo;Tiểu Pharaoh&rdquo;.</p>\r\n\r\n<p><strong>2. </strong>El Shaarawy cao 1,78m, nặng 72 kg. Anh bắt đầu thi đấu cho Milan từ năm 2011 theo r&agrave;ng buộc đồng sở hữu của Milan với Genoa. Tại đ&acirc;y, vị tr&iacute; khởi nghiệp v&agrave; cũng l&agrave; ưa th&iacute;ch nhất của El Shaarawy l&agrave; tiền vệ chạy c&aacute;nh tr&aacute;i.</p>\r\n\r\n<p><strong>3. </strong>Sự h&ograve;a nhập tốt của El Shaarawy trong m&ugrave;a giải đầu ti&ecirc;n thi đấu tại San Siro khiến cho BLĐ đội b&oacute;ng khi ấy quyết định chi ra 10 triệu euro để mua đứt 50% gi&aacute; trị hợp đồng c&ograve;n lại của El Shaarawy với Genoa. Như vậy thương vụ n&agrave;y đ&atilde; ti&ecirc;u tốn &iacute;t nhất 20 triệu euro của Milan v&agrave; n&oacute; được h&ograve;a tất v&agrave;o đầu th&aacute;ng 4/2012.</p>\r\n\r\n<p><strong>4. </strong>Bước ngoặt lớn nhất trong sự nghiệp của El Shaarawy đến v&agrave;o m&ugrave;a giải 2012/2013 khi tiền vệ n&agrave;y ghi liền 14 b&agrave;n thắng ở Serie A trong giai đoạn lượt đi của m&ugrave;a giải v&agrave; trở th&agrave;nh người h&ugrave;ng trong mắt c&aacute;c Rossoneri thời kỳ &ldquo;hậu Ibrahimovic&rdquo;. Nhưng đ&oacute; dường như được xem l&agrave; tất cả những g&igrave; đẹp đẽ nhất m&agrave; El Shaarawy l&agrave;m được trong m&agrave;u &aacute;o Milan.</p>\r\n\r\n<p><strong>5. </strong>622 ng&agrave;y:<strong> Đ&oacute; từng l&agrave; số ng&agrave;y El Shaarawy &ldquo;tịt ng&ograve;i&rdquo; tại Serie A</strong>. Từ sau khi lập c&ocirc;ng trong trận debry th&agrave;nh Milano với Inter v&agrave;o ng&agrave;y 24/02/2013, phải đến ng&agrave;y 09/11/2014 trong trận đấu với Samdoria, El Shaarawy mới ghi b&agrave;n trở lại. Chấn thương đ&atilde; &ldquo;g&oacute;p phần&rdquo; cướp đi một t&agrave;i năng được kỳ vọng bậc nhất xứ sở h&igrave;nh chiếc ủng.</p>\r\n\r\n<p><strong>6. </strong>6,416 ph&uacute;t: Đ&oacute; l&agrave; tổng thời gian El Shaarawy thi đấu cho Milan trong 102 trận đấu (trung b&igrave;nh 63 ph&uacute;t/trận). Anh ghi được 27 b&agrave;n thắng v&agrave; kiến tạo 14 b&agrave;n (trung b&igrave;nh 156 ph&uacute;t sẽ ghi được 1 b&agrave;n thắng hoặc 1 pha kiến tạo).</p>\r\n\r\n<p>Nếu t&iacute;nh 2 m&ugrave;a giải gần nhất, El Shaarawy thi đấu 30 trận nhưng chỉ ra s&acirc;n đ&uacute;ng 1,787 ph&uacute;t (trung b&igrave;nh gần 60 ph&uacute;t/trận) ghi được 4 b&agrave;n v&agrave; kiến tạo 3 b&agrave;n ( trung b&igrave;nh cứ 255 ph&uacute;t mới c&oacute; 1 b&agrave;n thắng hoặc 1 đường kiến tạo). Một th&agrave;nh t&iacute;ch rất ngh&egrave;o n&agrave;n.</p>\r\n\r\n<p><strong>7. </strong>316 ng&agrave;y : L&agrave; qu&atilde;ng thời gian El Shaarawy phải nghỉ thi đấu v&igrave; những chấn thương trong hơn 3 năm kho&aacute;c &aacute;o Milan (trung b&igrave;nh 1 năm nghỉ 105 ng&agrave;y- gần 3,5 th&aacute;ng). Điều đ&oacute; đ&atilde; khiến tiền vệ 22 tuổi đ&atilde; bỏ lỡ tổng cộng 57 trận đấu v&igrave; chấn thương.</p>\r\n\r\n<p><a href="http://a5.img.bongda.com.vn/wp-content/uploads/2015/07/ElShaarawy1.jpg"><img alt="Những con số thống kê có thể bạn chưa biết về El Shaarawy?" src="http://a5.img.bongda.com.vn/wp-content/uploads/2015/07/ElShaarawy1.jpg" style="height:389px; width:620px" /></a></p>\r\n\r\n<p>El Shaarawy đ&atilde; 3 lần d&iacute;nh chấn thương về sụn đầu gối, chấn thương khiến anh phải nghỉ 181 ng&agrave;y. Ảnh: Internet.</p>\r\n\r\n<p><strong>8. </strong>3 lần: El Shaarawy đ&atilde; 3 lần d&iacute;nh chấn thương về sụn đầu gối, chấn thương khiến anh phải nghỉ 181 ng&agrave;y. Ngo&agrave;i ra, &ldquo;Tiểu Pharaoh&rdquo; cũng từng bị rạn xương b&agrave;n ch&acirc;n v&agrave; phải cần đến 111 ng&agrave;y để phẫu thuật cũng như tập phục hồi chức năng.</p>\r\n\r\n<p>Với một cầu thủ mới 22 tuổi, những con số ấy thực sự khủng khiếp. Thậm ch&iacute; c&ograve;n tội tệ hơn cả trường hợp của Alexandre Pato ng&agrave;y trước.</p>\r\n\r\n<p><strong>9. </strong>2 triệu euro: Đ&oacute; l&agrave; khoản tiền m&agrave; AS Monaco phải trả cho Milan để mượn El Shaarawy trong v&ograve;ng 1 m&ugrave;a giải trước khi t&iacute;nh chuyện mua đứt. Chi ph&iacute; đ&atilde; được cả 2 b&ecirc;n thống nhất.</p>\r\n\r\n<p>Theo đ&oacute;, nếu cảm thấy h&agrave;i l&ograve;ng th&igrave; đội b&oacute;ng nước Ph&aacute;p sẽ thanh to&aacute;n khoảng 16-18 triệu euro để ho&agrave;n to&agrave;n sở hữu El Shaarawy.</p>\r\n\r\n<p>Mọi người ở Milan đều hi vọng tiền vệ n&agrave;y sẽ h&ograve;a nhập tốt v&agrave; gặt h&aacute;i được nhiều th&agrave;nh c&ocirc;ng trong m&ugrave;a giải tới trước khi đưa ra quyết định về tương lai.</p>\r\n', 'ElShaarawy.jpg', '2015-07-19 04:44:03', 0, 26, 6, 1),
(31, 'Nhờ El Shaarawy, AC Milan sẽ có trung vệ của Monaco?', 'Bongda.com.vn', 'AC Milan đang gấp rút tìm kiếm một trung vệ mới, Aymen Abdennour của Monaco là mục tiêu mới nhất.', '<p><a href="http://a5.img.bongda.com.vn/wp-content/uploads/2015/07/Abden.jpg"><img alt="AC Milan sẽ có Abdennour nhờ bán El Shaarawy? Ảnh: internet" src="http://a5.img.bongda.com.vn/wp-content/uploads/2015/07/Abden.jpg" style="height:388px; width:620px" /></a></p>\r\n\r\n<p>AC Milan sẽ c&oacute; Abdennour nhờ b&aacute;n El Shaarawy? Ảnh: internet</p>\r\n\r\n<p>T&acirc;n HLV Sinisa Mihajlovic của <a href="http://bongda.com.vn/tags/ac-milan" target="_blank">AC Milan</a> rất muốn t&aacute;i ngộ học tr&ograve; cũ Alessio Romagnoli (cả hai từng l&agrave;m việc chung tại Sampdoria m&ugrave;a trước). Tuy nhi&ecirc;n đội b&oacute;ng chủ quản của trung vệ trẻ 20 tuổi l&agrave; Roma đ&atilde; từ chối đề nghị hỏi mua của Rossoneri.</p>\r\n\r\n<p>&nbsp;</p>\r\n\r\n<p>Trong khi đ&oacute;, đội b&oacute;ng sọc đỏ đen th&agrave;nh Milan kh&ocirc;ng c&oacute; &yacute; định tăng gi&aacute; l&ecirc;n hơn con số 25 triệu euro. V&igrave; vậy, họ sẽ chuyển sang một mục ti&ecirc;u khả dĩ hơn nhằm thay thế sự ra đi của trung vệ Adil Rami (sang Sevilla).</p>\r\n\r\n<p>Theo France Football, Monaco x&aacute;c nhận kh&ocirc;ng b&aacute;n trung vệ Aymen Abdennour thấp hơn con số 19 triệu euro. B&aacute;o ch&iacute; cho hay đội b&oacute;ng nước Ph&aacute;p muốn con số 27-28 triệu euro mới chịu b&aacute;n tuyển thủ người Ma-rốc.</p>\r\n\r\n<p>Tuy nhi&ecirc;n,<strong> AC Milan tự tin thuyết phục được Monaco hạ con số y&ecirc;u cầu</strong> xuống v&agrave;o khoảng 23 triệu euro. L&yacute; do cả hai đội b&oacute;ng vừa c&oacute; mối quan hệ tốt sau thương vụ cho mượn trị gi&aacute; 3 triệu euro k&egrave;m điều khoản mua đứt (13 triệu euro) với t&agrave;i năng Stephan El Shaarawy.</p>\r\n', 'Abden.jpg', '2015-07-19 04:43:36', 0, 26, 6, 1),
(32, 'Javier Pastore bác bỏ khả năng đến Juventus', 'Bongda.com.vn', 'Javier Pastore đã khép lại cánh cửa đến Juventus khi khẳng định anh vẫn đang hạnh phúc cùng Paris Saint-Germain.', '<p><a href="http://a5.img.bongda.com.vn/wp-content/uploads/2015/07/1402322_heroa.jpg"><img alt="Javier Pastore bác bỏ khả năng đến Juventus" src="http://a5.img.bongda.com.vn/wp-content/uploads/2015/07/1402322_heroa.jpg" style="height:430px; width:620px" /></a></p>\r\n\r\n<p>Javier Pastore b&aacute;c bỏ khả năng đến Juventus. Ảnh: internet.</p>\r\n\r\n<p>Javier Pastore đ&atilde; trải qua hai m&ugrave;a b&oacute;ng th&agrave;nh c&ocirc;ng tại Serie A c&ugrave;ng Palermo trước khi <strong>gia nhập PSG với gi&aacute; 40.000.000 euro</strong> trong năm 2011. Ở Italia, anh được đ&aacute;nh gi&aacute; l&agrave; một tiền vệ kiến thiết h&agrave;ng đầu v&agrave; lu&ocirc;n được Juventus theo d&otilde;i.</p>\r\n\r\n<p>&nbsp;</p>\r\n\r\n<p>H&egrave; n&agrave;y, những tin đồn cho rằng Juve muốn c&oacute; Pastore được mọc l&ecirc;n. Đ&iacute;ch th&acirc;n HLV Massimiliano Allegri cũng thừa nhận &ocirc;ng muốn c&oacute; một tiền vệ kiến thiết giỏi như Isco của Real, Oscar của Chelsea hay Pastore của PSG.</p>\r\n\r\n<p><em>&ldquo;Juventus l&agrave; một đội b&oacute;ng lớn với những cầu thủ tuyệt vời. V&agrave; t&ocirc;i kh&ocirc;ng biết liệu t&ocirc;i c&oacute; phải l&agrave; cầu thủ m&agrave; họ cần hay kh&ocirc;ng,&rdquo; </em>cựu ng&ocirc;i sao Palermo n&oacute;i với Goal.com.</p>\r\n\r\n<p><em>&ldquo;Hiện tại t&ocirc;i rất hạnh ph&uacute;c ở Paris. T&ocirc;i đ&atilde; chơi tốt v&agrave; lu&ocirc;n được ra s&acirc;n, đ&oacute; l&agrave; một điều rất quan trọng đối với t&ocirc;i.&rdquo;</em></p>\r\n\r\n<p><em>&ldquo;T&ocirc;i kh&ocirc;ng biết liệu t&ocirc;i c&oacute; trở lại Italia trong tương lai kh&ocirc;ng nữa. Nhưng hiện tại, mọi thứ rất ổn tại Ph&aacute;p.&rdquo;</em></p>\r\n', '1402322_heroa.jpg', '2015-07-19 04:43:15', 0, 26, 6, 1),
(33, 'HLV Laurent Blanc lên tiếng vụ Ibrahimovic ra đi', 'Bongda.com.vn', 'Trả lời phỏng vấn tờ Le Parisien, HLV Laurent Blanc của PSG vừa dập tan mọi tin đồn về sự ra đi của tiền đạo Zlatan Ibrahimovic.', '<p><a href="http://a5.img.bongda.com.vn/wp-content/uploads/2015/07/blanc-ibrahimovic-se-queda-en-el-psg.jpg"><img alt="HLV Laurent Blanc khẳng định tiền đạo Ibrahimovic sẽ không đi đâu cả. Ảnh: Internet." src="http://a5.img.bongda.com.vn/wp-content/uploads/2015/07/blanc-ibrahimovic-se-queda-en-el-psg.jpg" style="height:492px; width:652px" /></a></p>\r\n\r\n<p>HLV Laurent Blanc khẳng định tiền đạo Ibrahimovic sẽ kh&ocirc;ng đi đ&acirc;u cả. Ảnh: Internet.</p>\r\n\r\n<p>Nhiều ng&agrave;y qua, b&aacute;o ch&iacute; r&acirc;m tin đồn tay săn b&agrave;n Ibrahimovic c&oacute; thể rời PSG để sang Inter hoặc Milan. L&yacute; do v&igrave; ng&ocirc;i sao người Thuỵ Điển kh&ocirc;ng được PSG chấp thuận tăng lương trong năm cuối của hợp đồng.</p>\r\n\r\n<p>C&aacute;ch đ&acirc;y &iacute;t ng&agrave;y, tờ The Gazzettta dello Sport của &Yacute; khẳng định AC Milan đ&atilde; tiếp cận Ibrahimovic với hy vọng mang tiền đạo n&agrave;y về lại &Yacute;. Thậm ch&iacute;, đội chủ s&acirc;n San Siro c&ograve;n đưa Ibrahimovic v&agrave;o danh s&aacute;ch một trong những mục ti&ecirc;u ch&iacute;nh của đội b&oacute;ng trong kỳ chuyển nhượng m&ugrave;a h&egrave;. C&oacute; tin đồn, Ibrahimovic sẽ về Milan theo hợp đồng c&oacute; thời hạn 3 năm.</p>\r\n\r\n<p>Tuy nhi&ecirc;n, phản ứng trước th&ocirc;ng tin n&agrave;y, <strong>HLV Laurent Blanc khẳng định Ibrahimovic sẽ kh&ocirc;ng đi đ&acirc;u cả</strong>. &ldquo;<em>Anh ấy sẽ tiếp tục gắn b&oacute; với CLB ư? Kh&ocirc;ng nghi ngờ g&igrave; cả. T&ocirc;i kh&ocirc;ng quan t&acirc;m b&aacute;o ch&iacute; viết như thế n&agrave;o về Zlatan. Song, anh ấy vẫn l&agrave; th&agrave;nh vi&ecirc;n của CLB trong m&ugrave;a giải 2015-16,</em>&rdquo; vị chiến lược gia người Ph&aacute;p n&oacute;i.</p>\r\n\r\n<p>Ngo&agrave;i ra, HLV Blanc c&ograve;n trả lời cho tương lai của tiền đạo Edinson Cavani như sau. &ldquo;<em>Cavani muốn đi ư? T&ocirc;i kh&ocirc;ng nghĩ vậy. Đội b&oacute;ng c&oacute; kế hoạch kh&aacute;c cho cầu thủ n&agrave;y,</em>&rdquo; HLV Laurent Blanc n&oacute;i th&ecirc;m.</p>\r\n\r\n<p>Cũng trong cuộc trả lời phỏng vấn, HLV Laurent Blanc giải th&iacute;ch PSG muốn x&acirc;y dựng một đội b&oacute;ng dựa tr&ecirc;n sự thống nhất về &yacute; ch&iacute; của cầu thủ v&agrave; CLB.V&igrave; vậy, kh&ocirc;ng thể c&oacute; chuyện c&aacute;c th&agrave;nh vi&ecirc;n trong đội c&oacute; thể thoải m&aacute;i th&iacute;ch ra đi hay ở lại tuỳ hứng.</p>\r\n', 'blanc-ibrahimovic-se-queda-en-el-psg.jpg', '2015-07-19 04:42:51', 0, 26, 6, 1),
(34, 'HLV Blanc xác nhận muốn có Di Maria', 'Bongda.com.vn', 'Đích thân HLV trưởng Paris Saint-Germain Laurent Blanc thừa nhận ông muốn có ngôi sao Angel di Maria của Man United.', '<p><a href="http://a5.img.bongda.com.vn/wp-content/uploads/2015/07/mamama.jpg"><img alt="Giá Di Maria quá cao. Ảnh internet." src="http://a5.img.bongda.com.vn/wp-content/uploads/2015/07/mamama.jpg" style="height:430px; width:620px" /></a></p>\r\n\r\n<p>Gi&aacute; Di Maria qu&aacute; cao. Ảnh internet.</p>\r\n\r\n<p>Man United đ&atilde; bỏ ra số tiền kỉ lục để c&oacute; Di Maria. Tuy nhi&ecirc;n, m&ugrave;a đầu ti&ecirc;n của tiền vệ người Argentina ở Old Trafford kh&ocirc;ng mấy ấn tượng.</p>\r\n\r\n<p>&nbsp;</p>\r\n\r\n<p>M&ugrave;a h&egrave; n&agrave;y, những tin đồn cho rằng Di Maria sẽ rời M.U li&ecirc;n tiếp xuất hiện, với PSG v&agrave; Bayern Munich l&agrave; hai điểm đến tiềm năng.</p>\r\n\r\n<p>Khi được hỏi Angel di Maria c&oacute; phải l&agrave; người m&agrave; &ocirc;ng ngưỡng mộ kh&ocirc;ng, Blanc cho hay:<em> &ldquo;C&oacute;. Ch&uacute;ng t&ocirc;i c&oacute; những ưu ti&ecirc;n của ch&uacute;ng t&ocirc;i.&rdquo;</em></p>\r\n\r\n<p><em>&ldquo;Tuy nhi&ecirc;n, để tăng cường lực lượng một c&aacute;ch mạnh mẽ, bạn phải nhắm đến những c&aacute;i t&ecirc;n đang ở c&aacute;c CLB lớn v&agrave; kh&ocirc;ng dễ d&agrave;ng để cầu thủ đ&oacute; ra đi. Đ&oacute; l&agrave; điều kh&oacute; khăn nhất cho PSG.&rdquo;</em></p>\r\n\r\n<p><em>&ldquo;Di Maria l&agrave; cầu thủ chất lượng. Ch&uacute;ng t&ocirc;i kh&aacute; thoải m&aacute;i, nhưng đ&acirc;y l&agrave; kế hoạch đầy kh&oacute; khăn với PSG, bởi <strong>kh&ocirc;ng chỉ ch&uacute;ng t&ocirc;i muốn c&oacute; anh ấy.&rdquo;</strong></em></p>\r\n\r\n<p><em>&ldquo;Đừng qu&ecirc;n l&agrave; Man United đ&atilde; bỏ ra số tiền rất lớn để c&oacute; Di Maria. V&agrave; để thu về hiệu quả, ch&uacute;ng t&ocirc;i c&ograve;n phải nhắm đến c&aacute;c phương &aacute;n kh&aacute;c nữa.&rdquo;</em></p>\r\n', 'mamama.jpg', '2015-07-19 04:42:22', 1, 26, 6, 1);
INSERT INTO `news` (`news_id`, `news_title`, `news_author`, `news_description`, `news_detail`, `news_img`, `news_time`, `news_view`, `cate_id`, `parent_id`, `user_id`) VALUES
(35, 'Công Phượng xuống phong độ: Lỗi tại ai?', 'Bongda.com.vn', 'Kể từ sau, SEA Games 28 tại đất Singapore, phong độ của tiền đạo Công Phượng đã có những dấu hiệu chững lại. Chính huấn luyện viên Guillaume Graechen đã công nhận điều này. ', '<p><a href="http://a5.img.bongda.com.vn/wp-content/uploads/2015/07/ph14.jpg"><img alt="Công Phượng chịu áp lực quá lớn từ phía dư luận. Ảnh: Internet." src="http://a5.img.bongda.com.vn/wp-content/uploads/2015/07/ph14.jpg" style="height:404px; width:620px" /></a></p>\r\n\r\n<p>C&ocirc;ng Phượng chịu &aacute;p lực qu&aacute; lớn từ ph&iacute;a dư luận. Ảnh: Internet.</p>\r\n\r\n<p>Nếu nh&igrave;n lại c&ugrave;ng thời điểm n&agrave;y c&aacute;ch đ&acirc;y một năm, C&ocirc;ng Phượng đ&atilde; l&agrave;m ngỡ ng&agrave;ng giới truyền th&ocirc;ng khu vực với b&agrave;n thắng để đời v&agrave;o lưới đội tuyển trẻ Australia, th&igrave; C&ocirc;ng Phượng của h&ocirc;m nay quả thật kh&aacute;c xa một trời một vực.</p>\r\n\r\n<p><strong>Truyền th&ocirc;ng đang l&agrave;m hại C&ocirc;ng phượng!</strong></p>\r\n\r\n<p>Mới đ&acirc;y nhất, trong trận đấu với QNK Quảng Nam, C&ocirc;ng Phượng đ&atilde; bỏ lỡ một cơ hội ngon ăn tr&ecirc;n chấm phạt đền. Nếu l&agrave; một cầu thủ n&agrave;o kh&aacute;c, c&oacute; lẽ b&aacute;o ch&iacute; đ&atilde; &ldquo;lờ đi&rdquo; bởi l&uacute;c n&agrave;y QNK đang dẫn tận 3-0.</p>\r\n\r\n<p>Song, C&ocirc;ng Phượng s&uacute;t hỏng v&agrave; ngay lập tức anh xuất hiện li&ecirc;n tục tr&ecirc;n những trang mạng x&atilde; hội như một tội đồ. Liệu điều n&agrave;y c&oacute; c&ocirc;ng bằng với c&aacute; nh&acirc;n C&ocirc;ng Phượng?</p>\r\n\r\n<p>C&ograve;n nhớ, tại SEA Games, C&ocirc;ng Phượng l&agrave; một trong số &iacute;t c&aacute;c cầu thủ thi đấu ổn định nhất của đội tuyển U23 Việt Nam. Thế nhưng, khi thất bại trước người Myanmar, <strong>C&ocirc;ng Phượng cũng bị chỉ tr&iacute;ch</strong>.</p>\r\n\r\n<p>C&oacute; lẽ, giới truyền th&ocirc;ng v&igrave; mục đ&iacute;ch c&acirc;u view, n&ecirc;n &ldquo;soi&rdquo; kịch liệt v&agrave;o những cầu thủ nổi tiếng, bất chấp l&agrave; đ&uacute;ng hay sai, hậu quả c&oacute; như thế n&agrave;o kh&ocirc;ng cần để &yacute;.</p>\r\n\r\n<p>R&otilde; r&agrave;ng, kh&ocirc;ng ai phủ nhận C&ocirc;ng Phượng từ khi trở về <a href="http://bongda.com.vn/tags/hoang-anh-gia-lai" target="_blank">Ho&agrave;ng Anh Gia Lai</a> đ&atilde; chơi kh&ocirc;ng thật tốt. B&aacute;o ch&iacute; c&oacute; quyền phản &aacute;nh điều đ&oacute;. Nhưng quy tội cho mỗi C&ocirc;ng Phượng th&igrave; thật bất c&ocirc;ng. B&oacute;ng đ&aacute; l&agrave; m&ocirc;n chơi tập thể, khi đ&aacute; k&eacute;m, cả đội phải chịu tr&aacute;ch nhiệm chứ kh&ocirc;ng ri&ecirc;ng mỗi c&aacute; nh&acirc;n n&agrave;o.</p>\r\n\r\n<p>Mặt kh&aacute;c, c&aacute;c b&agrave;i b&aacute;o tr&aacute;i chiều về C&ocirc;ng Phượng đang l&agrave;m cầu thủ n&agrave;y bị ức chế t&acirc;m l&iacute; thấy r&otilde;. Nếu cứ l&agrave;m riết thế n&agrave;y, e rằng, sẽ c&oacute; một ng&agrave;y C&ocirc;ng Phượng kh&ocirc;ng c&ograve;n d&aacute;m đối mặt với c&aacute;nh b&aacute;o giới. C&ugrave;ng l&agrave; người Việt, sao nỡ v&ugrave;i dập một t&agrave;i năng đang tr&ecirc;n đ&agrave; ph&aacute;t triển?</p>\r\n\r\n<p><strong>Cho đi tu nghiệp?</strong></p>\r\n\r\n<p>Đ&atilde; c&oacute; rất nhiều l&iacute; giải cho việc xuống phong độ dạo gần đ&acirc;y của tiền đạo người xứ Nghệ. L&iacute; do được nhiều người đồng t&igrave;nh nhất vẫn l&agrave; V-League đ&atilde; r&aacute;t qu&aacute;, m&agrave; n&oacute;i thẳng ra l&agrave; th&ocirc; bạo qu&aacute;, một tiền đạo chưa c&oacute; kinh nghiệm, chưa c&oacute; &ldquo;m&aacute;u mặt&rdquo; th&igrave; gần như kh&ocirc;ng thể tồn tại nổi.</p>\r\n\r\n<p>Phải c&oacute; những chi&ecirc;u tr&ograve; &ldquo;lạy&rdquo; trọng t&agrave;i như C&ocirc;ng Vinh ng&agrave;y trước, hoặc phải l&igrave; đ&ograve;n cỡ Minh Ch&acirc;u th&igrave; may ra mới c&oacute; chỗ đứng. M&agrave; đ&acirc;u phải m&igrave;nh C&ocirc;ng Phượng đang gặp kh&oacute; khăn, cả đội <a href="http://www.bongda.com.vn/tin-chinh/v-league-hagl-thua-tham-binh-duong-thua-soc-va-mat-ngoi-dau/" target="_blank">Ho&agrave;ng Anh Gia Lai cũng đang vật v&atilde; với cuộc chiến trụ hạng</a> đấy th&ocirc;i.</p>\r\n\r\n<p><a href="http://a5.img.bongda.com.vn/wp-content/uploads/2015/07/ph24.jpg"><img alt="Công Phượng đang cần một bước ngoặt trong sự nghiệp để tìm lại chính mình. Ảnh: Internet." src="http://a5.img.bongda.com.vn/wp-content/uploads/2015/07/ph24.jpg" style="height:415px; width:620px" /></a></p>\r\n\r\n<p>C&ocirc;ng Phượng đang cần một bước ngoặt trong sự nghiệp để t&igrave;m lại ch&iacute;nh m&igrave;nh. Ảnh: Internet.</p>\r\n\r\n<p>Ngoại binh th&igrave; yếu k&eacute;m, nội binh th&igrave; lần đầu &ldquo;thử lửa&rdquo;, l&agrave;m sao tr&aacute;nh khỏi sai số.</p>\r\n\r\n<p>Vấn đề của C&ocirc;ng Phượng cũng như Ho&agrave;ng Anh Gia Lai n&oacute;i chung l&agrave; họ cần được ph&aacute;t triển ở một m&ocirc;i trường chuy&ecirc;n nghiệp. C&oacute; thế lứa cầu thủ n&agrave;y mới ph&aacute;t triển to&agrave;n diện được.</p>\r\n\r\n<p>Ch&acirc;u &Acirc;u, Nhật Bản, hay thậm ch&iacute; l&agrave; Th&aacute;i Lan&hellip; bất k&igrave; nơi n&agrave;o hợp l&iacute;, thiết nghĩ bầu Đức n&ecirc;n đồng &yacute; ngay lập tức.</p>\r\n\r\n<p>Người ta bảo &ldquo;<em>Gần mực th&igrave; đen, gần đ&egrave;n th&igrave; s&aacute;ng&rdquo;, chưa d&aacute;m khẳng định, b&oacute;ng đ&aacute; Việt Nam to&agrave;n một m&agrave;u đen, nhưng n&oacute;i gỡ &ldquo;Lỡ C&ocirc;ng Phượng bị chơi xấu v&agrave; chấn thương d&agrave;i hạn th&igrave; sao?&rdquo;.</em></p>\r\n\r\n<p>L&uacute;c đ&oacute;, tr&aacute;ch nghiệm thuộc về ai? Mặt kh&aacute;c, cho C&ocirc;ng Phượng đi tu nghiệp cũng l&agrave; một c&aacute;ch anh tr&aacute;nh xa những thị phi của giới truyền th&ocirc;ng. Biết đ&acirc;u, sang nước bạn, khi &aacute;p lực được giải tỏa, ch&agrave;ng tiền đạo n&agrave;y lại tỏa s&aacute;ng.</p>\r\n\r\n<p>N&oacute;i t&oacute;m lại, một vi&ecirc;n ngọc s&aacute;ng th&igrave; phải biết c&aacute;ch m&agrave;i dũa, nếu kh&ocirc;ng vi&ecirc;n ngọc ấy m&atilde;i m&atilde;i chỉ ở dạng tiềm năng. C&ocirc;ng Phượng cũng kh&ocirc;ng kh&aacute;c. Anh cần những bước đột ph&aacute; mới để tho&aacute;t ra những chuỗi ng&agrave;y đen tối như hiện nay.</p>\r\n', 'ph14.jpg', '2015-07-19 04:41:39', 0, 30, 7, 1),
(36, 'Bầu chủ tịch Barca: Messi hậu thuẫn Laporta', 'Bongda.com.vn', 'Ứng viên cho chức chủ tịch Barca, Joan Laporta tự tin thắng cử nhờ sự ủng hộ của siêu sao Lionel Messi.', '<p><img alt="Bầu chủ tịch Barca: Lionel Messi hậu thuẫn Laporta" src="http://a5.img.bongda.com.vn/wp-content/uploads/2015/07/segreto.jpg" style="height:600px; width:800px" /></p>\r\n\r\n<p>Lionel Messi muốn Joan Laporta l&agrave;m chủ tịch Barca. Ảnh: Internet.</p>\r\n\r\n<p><strong>Messi &ldquo;kh&ocirc;ng ưa&rdquo; g&igrave; Bartomeu</strong></p>\r\n\r\n<p>Được biết ở những diễn biến mới nhất trong cuộc bầu cử chiếc ghế chủ tịch <a href="http://www.bongda.com.vn/tags/Barcelona/" target="_blank">Barca</a>, ch&iacute;nh trị gia <a href="http://www.bongda.com.vn/tags/Joan-Laporta/" target="_blank">Joan Laporta</a> lần đầu ti&ecirc;n sau nhiều th&aacute;ng đ&atilde; vượt mặt đối thủ nặng k&yacute; <a href="http://www.bongda.com.vn/tags/Josep-Maria-Bartomeu/" target="_blank">Bartomeu</a>.</p>\r\n\r\n<p>Bởi số lượng người ủng hộ Laporta tăng vọt sau khi luật sư người T&acirc;y Ban Nha ghi điểm trong buổi tranh luận tr&ecirc;n truyền h&igrave;nh diễn ra mới đ&acirc;y. Cụ thể tờ Sport đ&atilde; thực hiện cuộc khảo s&aacute;t của tr&ecirc;n 200 cuộc điện thoại hỏi về &yacute; kiến từ NHM th&igrave; Laporta từ 26.1% vươn l&ecirc;n dẫn đầu với 36% tỷ lệ ủng hộ, trong khi đ&oacute; Bartomeu tụt xuống vị tr&iacute; thứ 2 (31.8 % v&agrave; 33,6%).</p>\r\n\r\n<p>Thậm ch&iacute; niềm tin thắng cử c&ograve;n được củng cố cho cựu chủ tịch Joan Laporta, khi mới đ&acirc;y trang Goal khẳng định chắc nịch rằng, si&ecirc;u sao Lionel Messi muốn &ocirc;ng đ&aacute;nh bại đối thủ Josep Maria Bartomeu trong cuộc bỏ phiếu ng&agrave;y 18/7 tới.</p>\r\n\r\n<p>Mặc d&ugrave; nguồn th&ocirc;ng tin n&agrave;y thừa nhận tiền đạo người Argentina vẫn chưa ch&iacute;nh thức l&ecirc;n tiếng ủng hộ ứng vi&ecirc;n n&agrave;o trong cuộc bầu chiếc ghế chủ tịch &ldquo;G&atilde; khổng lồ&rdquo; xứ Catalunya. Nhưng cơ sở được đưa ra l&agrave; trước đ&acirc;y Messi từng c&oacute; những kh&uacute;c mắc với bộ sậu của chủ tịch Bartomeu .</p>\r\n\r\n<p>Bằng chứng x&aacute;c thực nhất l&agrave; v&agrave;o th&aacute;ng 12/2013, ph&oacute; chủ tịch phụ tr&aacute;ch t&agrave;i ch&iacute;nh Javier Faus tuy&ecirc;n bố Barca kh&ocirc;ng thể đ&aacute;p ứng nhu cầu n&acirc;ng cấp hợp đồng cho tiền đạo 28 tuổi. V&agrave; ngay sau đ&oacute;, cầu thủ từng 4 lần gi&agrave;nh QBV FIFA li&ecirc;n tiếp lập tức đ&aacute;p trả c&ocirc;ng khai khi tuy&ecirc;n bố thẳng thừng rằng: <em>&ldquo;&Ocirc;ng ta (Faus) chẳng biết ch&uacute;t g&igrave; về b&oacute;ng đ&aacute;.&rdquo;</em></p>\r\n\r\n<p><img alt="Bầu chủ tịch Barca: Lionel Messi hậu thuẫn Laporta" src="http://a5.img.bongda.com.vn/wp-content/uploads/2015/07/segreto1.jpg" style="height:346px; width:644px" /></p>\r\n\r\n<p>Trong qu&aacute; khứ mối quan hệ giữa Messi v&agrave; Bartomeu kh&ocirc;ng được tốt. Ảnh: Internet.</p>\r\n\r\n<p>Chưa dừng lại ở đ&oacute;, thời điểm m&ugrave;a h&egrave; 2013 ng&ocirc;i sao người Argentina cũng thể hiện sự tức giận khi Neymar gia nhập Barca v&agrave; nhận mức lương cao hơn m&igrave;nh ở đội chủ s&acirc;n Nou Camp.</p>\r\n\r\n<p>Mối &ldquo;th&acirc;m th&ugrave;&rdquo; giữa &ldquo;La Pluga&rdquo; với Bartomeu c&ograve;n được đẩy l&ecirc;n đỉnh điểm trong một kế hoạch &ldquo;thanh trừ&rdquo; Messi khỏi đội h&igrave;nh của Barca. Bằng chứng l&agrave; trước khi Sandro Rosell từ chức chủ tịch đội b&oacute;ng xứ Catalunya, th&agrave;nh vi&ecirc;n BLĐ Barca đ&atilde; cho tiến h&agrave;nh một cuộc khảo s&aacute;t với chủ đề: <em>&ldquo;C&oacute; n&ecirc;n b&aacute;n cầu thủ hay nhất lịch sử đội b&oacute;ng.&rdquo;</em> V&agrave; tất nhi&ecirc;n điều n&agrave;y khiến mối quan hệ giữa Messi v&agrave; Barca rạn nứt khi anh từng nhiều lần c&oacute; &yacute; định muốn cắt đứt &ldquo;cuộc t&igrave;nh&rdquo; với đội chủ s&acirc;n Nou Camp.</p>\r\n\r\n<p><strong>Messi mắc ơn với Joan Laporta</strong></p>\r\n\r\n<p>Trong khi đ&oacute;, Joan Laporta từng tuy&ecirc;n bố rằng:<em> &ldquo;Messi sẽ cảm thấy hạnh ph&uacute;c hơn&rdquo;</em> nếu &ocirc;ng trở lại chiếc ghế chủ tịch Barca lần hai, sau khi l&atilde;nh đạo &ldquo;Blaugrana&rdquo; rất th&agrave;nh c&ocirc;ng từ 2003-2010.</p>\r\n\r\n<p>Ở thời điểm đ&oacute; Leo c&oacute; t&igrave;nh cảm đặc biệt với luật sư Laporta &ndash; người hỗ trợ rất đắc lực cho gia đ&igrave;nh v&agrave; sự nghiệp của anh tại xứ Catalunya. Đặc biệt, ch&iacute;nh trị gia người TBN đ&atilde; tạo điều kiện để M10 tham gia v&agrave;o Thế vận hội Olympic 2008 (nơi Messi đ&atilde; gi&agrave;nh huy chương v&agrave;ng với Argentina).</p>\r\n\r\n<p><img alt="Bầu chủ tịch Barca: Lionel Messi hậu thuẫn Laporta" src="http://a5.img.bongda.com.vn/wp-content/uploads/2015/07/segreto2.jpg" style="height:447px; width:645px" /></p>\r\n\r\n<p>Laporta đ&atilde; l&agrave;m n&ecirc;n một si&ecirc;u sao Messi như ng&agrave;y nay. Ảnh: Internet.</p>\r\n\r\n<p>Ấn tượng của Laporta để lại trong Leo hơn cả ch&iacute;nh l&agrave; việc quyết định n&acirc;ng cấp hợp đồng cho anh, cũng như bổ nhiệm HLV Pep Guardiola (thay Frank Rijkaard) &ndash; người n&acirc;ng Messi l&ecirc;n tầm si&ecirc;u sao khi gi&uacute;p Barca gi&agrave;nh mọi danh hiệu &ndash; đỉnh cao l&agrave; c&uacute; ăn 6 vĩ đại trong l&agrave;ng t&uacute;c cầu gi&aacute;o năm 2009.</p>\r\n\r\n<p>Theo giới quan s&aacute;t nhận định, nếu thắng cử chiếc ghế chủ tịch Barca &ndash; Joan Laporta tất nhi&ecirc;n sẽ đảm bảo vị tr&iacute; số 1 tại Nou Camp cho Messi trong tương lai. Thậm ch&iacute; đưa &ldquo;La Pluga&rdquo; trở th&agrave;nh tượng đ&agrave;i vĩ đại nhất của đội b&oacute;ng xứ Catalunya, bất chấp tuổi t&aacute;c sẽ l&agrave;m cho phong độ của Messi giảm s&uacute;t.</p>\r\n\r\n<p>Hiện tại cuộc cạnh tranh chức chủ tịch Barca 2015 l&agrave; cuộc đua giữa 4 ứng vi&ecirc;n gồm: Joan Laporta, Josep Bartomeu, Agusti Benedito v&agrave; Antoni Freixa. Nhưng thực tế, chiếc ghế quyền lực nhất Nou Camp chỉ l&agrave; cuộc đấu d&agrave;nh ri&ecirc;ng cho Laporta v&agrave; Bartomeu, trong khi luật sư gốc xứ Catalunya hiện đang chiếm ưu thế khi nhận được nhiều sự ủng hộ, trong đ&oacute; c&oacute; si&ecirc;u sao Lionel Messi.</p>\r\n', 'segreto.jpg', '2015-07-19 04:41:08', 0, 8, 0, 1),
(37, 'HLV Trần Bình Sự và HLV “Giôm”', 'Bongda.com.vn', 'Đầu lượt về V-League mùa giải năm nay, HLV Trần Bình Sự cùng đội Đồng Nai tuột đến đáy vẫn nhìn sang HAGL. Ông Sự rất lo nhưng vẫn bình thản “tính đường binh” theo cách riêng của mình để cứu Đồng Nai.', '<p><img alt="HLV Trần Bình Sự và HLV “Giôm”" src="http://a5.img.bongda.com.vn/wp-content/uploads/2015/07/HLV4.jpg" style="height:300px; width:537px" /></p>\r\n\r\n<p>HLV Guillaume Graechen v&agrave; HLV Trần B&igrave;nh Sự đang c&ugrave;ng ở thế kh&oacute;.</p>\r\n\r\n<p>Trong khi đ&oacute;, HLV Gi&ocirc;m (t&ecirc;n th&acirc;n mật của HLV <a href="http://www.bongda.com.vn/tags/Guillaume-Graechen/" target="_blank">Guillaume</a> của <a href="http://www.bongda.com.vn/tags/Hoang-Anh-Gia-Lai/" target="_blank">HAGL</a>) lại bắt đầu mất b&igrave;nh tĩnh. Ngay cả trưởng đo&agrave;n HAGL cũng kh&ocirc;ng c&ograve;n giữ được đầu lạnh để t&iacute;nh, m&agrave; phải bung ra s&acirc;n nơi c&aacute;c cầu thủ đang thi đấu v&agrave; nhận &aacute;n phạt. May l&agrave; trong những trận sống c&ograve;n kiểu đấy, &ldquo;bầu&rdquo; Đức kh&ocirc;ng ngồi ở cabin kỹ thuật, v&igrave; nếu c&oacute;, chắc &ocirc;ng cũng lao ra nốt.</p>\r\n\r\n<p><strong>&Ocirc;ng Trần B&igrave;nh Sự chấp nhận cuộc chơi</strong>, chấp nhận nhiều mất m&aacute;t, kể cả những chuyện chưa &ecirc;m ấm trong nội t&igrave;nh <a href="http://www.bongda.com.vn/tags/Dong-Nai/" target="_blank">Đồng Nai</a>, m&agrave; l&egrave;o l&aacute;i. Đấy l&agrave; điều đang thiếu ở HAGL. Khi m&agrave; cầu thủ tr&ecirc;n s&acirc;n th&igrave; qu&aacute; non v&agrave; bị đủ đ&ograve;n lẫn đủ tiểu xảo th&igrave; trong khu kỹ thuật cũng s&ocirc;i l&ecirc;n &ndash; tất cả đều &ldquo;n&oacute;ng&rdquo;.</p>\r\n\r\n<p>Khi HAGL ở thời ho&agrave;ng kim th&igrave; ai &ldquo;n&oacute;ng&rdquo; cũng được, kể cả &ldquo;bầu&rdquo; Đức, nhưng phải c&oacute; &iacute;t nhất một người &ldquo;lạnh&rdquo;, thật &ldquo;lạnh&rdquo;. Đ&oacute; l&agrave; Gi&aacute;m đốc kỹ thuật Nguyễn Văn Vinh &ndash; một &ldquo;qu&acirc;n sư&rdquo; đ&uacute;ng nghĩa cả ở tr&ecirc;n s&acirc;n lẫn ở hậu trường.</p>\r\n\r\n<p>B&acirc;y giờ th&igrave; HAGL lại thiếu một &ldquo;qu&acirc;n sư&rdquo; kiểu đ&oacute; để &ldquo;dội nước&rdquo; cho những người đang rất &ldquo;n&oacute;ng&rdquo; phải trở lại &ldquo;nguội, thật nguội&rdquo;.</p>\r\n\r\n<p>Đồng Nai với c&aacute;i đầu của HLV Trần B&igrave;nh Sự đang &ldquo;t&iacute;nh đường binh&rdquo; tr&ecirc;n s&acirc;n kh&ocirc;ng được th&igrave; phải &ldquo;binh&rdquo; kiểu kh&aacute;c. HAGL th&igrave; &ldquo;binh&rdquo; tr&ecirc;n s&acirc;n kh&ocirc;ng được lại &ldquo;binh&rdquo; bằng đường truyền th&ocirc;ng v&agrave; cứ &ldquo;g&agrave;o&rdquo; l&ecirc;n, từ HLV tới l&atilde;nh đạo.</p>\r\n\r\n<p>May m&agrave; &ldquo;bầu&rdquo; Đức của HAGL vẫn c&ograve;n tỉnh (hoặc lu bu nhiều chuyện, n&ecirc;n kh&ocirc;ng quan t&acirc;m).</p>\r\n\r\n<p>Coi chừng với đ&agrave; n&agrave;y, HLV Trần B&igrave;nh Sự &ldquo;binh&rdquo; xong trước th&igrave; HAGL mệt mỏi.</p>\r\n\r\n<p>&ldquo;Bầu&rdquo; Đức từng n&oacute;i, đại &yacute; kh&ocirc;ng sợ xuống hạng hoặc xuống th&igrave; th&ocirc;i, nhưng thực tế l&agrave; đội b&oacute;ng xuống sẽ c&oacute; nhiều thứ xuống theo, kể cả những &ldquo;m&atilde;&rdquo; m&agrave; HAGL đang thắng.</p>\r\n\r\n<p>V&igrave; thế, đấy l&agrave; chuyện sống c&ograve;n, chứ kh&ocirc;ng phải &ldquo;cứ đ&aacute; đi, thua t&ocirc;i chịu&rdquo;</p>\r\n', 'HLV4.jpg', '2015-07-19 04:40:25', 0, 30, 7, 1),
(38, 'Nguy hiểm quá: Công Phượng ngán… bóng đá?', 'Bongda.com.vn', 'Xem Công Phượng thi đấu trong những trận gần đây không ít nhà chuyên môn nhận định tiền đạo trẻ của HAGL đá ngày càng kém và lo ngại anh sẽ là tài năng ‘sớm nở tối tàn’ như nhiều cầu thủ khác.', '<p><a href="http://a5.img.bongda.com.vn/wp-content/uploads/2015/07/Phuong5.jpg"><img alt="Nguy hiểm quá: Công Phượng ngán… bóng đá?" src="http://a5.img.bongda.com.vn/wp-content/uploads/2015/07/Phuong5.jpg" style="height:424px; width:600px" /></a></p>\r\n\r\n<p>C&ocirc;ng Phượng (&aacute;o trắng) sa s&uacute;t phong độ một phần cũng v&igrave; bị đối thủ bắt b&agrave;i &ndash; Ảnh: Đ&ocirc;ng Nghi</p>\r\n\r\n<p>Ở trận HAGL thua Quảng Nam 0-4 h&ocirc;m 15.7, <strong>người h&acirc;m mộ kh&ocirc;ng t&agrave;i n&agrave;o nhận ra C&ocirc;ng Phượng</strong> &ndash; người từng sở hữu những pha ngoặt b&oacute;ng lắt l&eacute;o, điệu nghệ&hellip; từng khiến h&agrave;ng ph&ograve;ng ngự tuyển &Uacute;c (U.19), Nhật Bản hay Th&aacute;i Lan đi&ecirc;n đảo.</p>\r\n\r\n<p>&nbsp;</p>\r\n\r\n<p>B&acirc;y giờ <a href="http://www.bongda.com.vn/viet-nam/neu-hagl-rot-hang/" target="_blank">Phượng kh&ocirc;ng c&ograve;n những pha xử l&yacute; t&aacute;o bạo</a> l&agrave;m đối thủ bất ngờ như trước đ&acirc;y m&agrave; ngược lại, anh chậm chạp kh&ocirc;ng biết xử l&yacute; bước tiếp theo như thế n&agrave;o khi c&oacute; b&oacute;ng trong ch&acirc;n. Điều n&agrave;y đ&atilde; l&agrave;m chậm nhịp tấn c&ocirc;ng của HAGL thấy r&otilde;.</p>\r\n\r\n<p>C&ocirc;ng Phượng ở trận thua Quảng Nam kh&ocirc;ng c&ograve;n l&agrave; trụ cột m&agrave; lại ch&iacute;nh l&agrave; chướng ngại của đội b&oacute;ng phố n&uacute;i, bởi c&aacute;c pha tấn c&ocirc;ng của HAGL dễ d&agrave;ng bị đ&aacute;nh chặn khi b&oacute;ng nằm trong ch&acirc;n C&ocirc;ng Phượng.</p>\r\n\r\n<p>C&oacute; cảm gi&aacute;c, Phượng đ&atilde; đ&aacute;nh mất hứng th&uacute; chơi b&oacute;ng hay n&oacute;i đ&uacute;ng hơn Phượng đang bội thực với b&oacute;ng đ&aacute;.</p>\r\n\r\n<p>Từ giải U.19 Đ&ocirc;ng Nam &Aacute; th&aacute;ng 8.2013 tr&ecirc;n đất Indonesia đến nay, Phượng kh&ocirc;ng c&oacute; một ng&agrave;y nghỉ thật sự m&agrave; lu&ocirc;n bị cuốn v&agrave;o c&aacute;c giải đấu li&ecirc;n tục.</p>\r\n\r\n<p>C&oacute; c&acirc;u n&oacute;i &ldquo;Việc g&igrave; d&ugrave; th&uacute; vị đến đ&acirc;u l&agrave;m riết cũng đ&acirc;m ch&aacute;n&rdquo; đang ứng với C&ocirc;ng Phượng.</p>\r\n\r\n<p>HLV Guillaume Graechen hiểu r&otilde; điều n&agrave;y, &ocirc;ng cũng từng l&ecirc;n tiếng cảnh b&aacute;o C&ocirc;ng Phượng đang qu&aacute; tải. Thế nhưng với việc HAGL lu&ocirc;n trong t&igrave;nh trạng khủng hoảng tiền đạo n&ecirc;n &ocirc;ng thầy người Ph&aacute;p cứ phải &ldquo;x&agrave;i&rdquo; Phượng. Trận n&agrave;o anh cũng đ&aacute; suốt 90 ph&uacute;t kh&ocirc;ng một ph&uacute;t nghỉ ngơi. Ngo&agrave;i ra, yếu tố tinh thần (sa s&uacute;t) cũng g&oacute;p phần b&agrave;o m&ograve;n thể lực của Phượng. Hiện tại, HAGL đ&atilde; 11 trận kh&ocirc;ng biết đến m&ugrave;i chiến thắng.</p>\r\n\r\n<p>Minh chứng cho t&igrave;nh trạng&hellip; ng&aacute;n b&oacute;ng đ&aacute; của C&ocirc;ng Phượng l&agrave; c&uacute; s&uacute;t 11m cẩu thả để thủ m&ocirc;n đội Văn Cường (Quảng Nam) dễ d&agrave;ng h&oacute;a giải.</p>\r\n\r\n<p><a href="http://a5.img.bongda.com.vn/wp-content/uploads/2015/07/Phuong12.jpg"><img alt="Nguy hiểm quá: Công Phượng ngán… bóng đá?" src="http://a5.img.bongda.com.vn/wp-content/uploads/2015/07/Phuong12.jpg" style="height:553px; width:600px" /></a></p>\r\n\r\n<p>Một lo ngại kh&aacute;c cho HAGL l&agrave; kh&ocirc;ng chỉ C&ocirc;ng Phượng m&agrave; Tuấn Anh (8) hay c&aacute;c cầu thủ kh&aacute;c cũng sẽ dần dần ng&aacute;n b&oacute;ng đ&aacute; &ndash; Ảnh: Đ&ocirc;ng Nghi</p>\r\n\r\n<p>Một c&uacute; s&uacute;t m&agrave; người xem kh&ocirc;ng hề cảm nhận được đ&oacute; l&agrave; pha ra ch&acirc;n của một cầu thủ t&agrave;i năng được rất nhiều người h&acirc;m mộ cả nước mến mộ. N&ecirc;n nhớ, trước đ&acirc;y Phượng từng&hellip; lớn l&ecirc;n nhờ những quả penalty, những c&uacute; s&uacute;t phạt 11 m&eacute;t kiểu Panenka trứ danh&hellip;</p>\r\n\r\n<p>Qua những g&igrave; Phượng thể hiện gần đ&acirc;y cho thấy, anh đ&atilde; kh&ocirc;ng c&ograve;n động lức v&agrave; kh&aacute;t khao chơi b&oacute;ng, ghi b&agrave;n như ng&agrave;y n&agrave;o.</p>\r\n\r\n<p>HLV Guillaume Graechen mong muốn HAGL thay đổi, thi đấu hiệu quả hơn th&igrave; trước mắt &ocirc;ng cũng phải thay đổi c&aacute;ch d&ugrave;ng người. Nếu cứ đ&oacute;ng khung một đội h&igrave;nh như thời gian qua, th&igrave; kh&ocirc;ng chỉ C&ocirc;ng Phượng m&agrave; Tuấn Anh, Thanh T&ugrave;ng, Văn Sơn hay c&aacute;c cầu thủ kh&aacute;c cũng sẽ dần dần ng&aacute;n b&oacute;ng đ&aacute;.</p>\r\n\r\n<p>Hệ lụy của việc n&agrave;y sẽ kh&ocirc;ng nhỏ, bởi sẽ nhanh ch&oacute;ng khiến lứa cầu thủ được kỳ vọng bị thui chột t&agrave;i năng, ảnh hưởng kh&ocirc;ng chỉ HAGL m&agrave; cũng ảnh hưởng đến c&aacute;c đội tuyển Việt Nam sau n&agrave;y.</p>\r\n', 'Phuong5.jpg', '2015-07-19 04:36:47', 1, 30, 7, 1),
(39, 'Tân binh Công an Nhân dân có chiến thắng đầu tay', 'Bongda.com.vn', 'Ở lượt trận thứ 3 diễn ra vào chiều 26-4, đội Công an Nhân dân đã có trận đấu kiên cường và thắng sát nút 1-0 trước CLB Hà Nội, qua đó leo lên vị trí thứ 6 trên bảng xếp hạng.', '<p><img alt="Tân binh Công an Nhân dân có chiến thắng đầu tay" src="http://a5.img.bongda.com.vn/wp-content/uploads/2015/04/Congannhandan.jpg" style="height:375px; width:500px" /></p>\r\n\r\n<p>C&ocirc;ng an Nh&acirc;n d&acirc;n (tr&aacute;i) c&oacute; chiến thắng ấn tượng trước ứng vi&ecirc;n v&ocirc; địch &ndash; CLB H&agrave; Nội</p>\r\n\r\n<p>Sau 2 trận thi đấu kh&ocirc;ng đạt th&agrave;nh t&iacute;ch như mong đợi, t&acirc;n binh C&ocirc;ng an Nh&acirc;n d&acirc;n đặt quyết t&acirc;m cao cho một chiến thắng tr&ecirc;n s&acirc;n H&agrave;ng Đẫy, trước chủ nh&agrave; đồng thời l&agrave; ứng vi&ecirc;n cho chức v&ocirc; địch &ndash; CLB H&agrave; Nội (4 điểm sau 2 lượt trận).</p>\r\n\r\n<p>Trước đối thủ được đ&aacute;nh gi&aacute; mạnh hơn, thầy tr&ograve; HLV Phạm Minh Đức đ&atilde; chơi đầy cố gắng, &aacute;p dụng chiến thuật hợp l&yacute;. Nửa thời gian đầu trận đấu, H&agrave; Nội l&agrave; đội chiếm thế &aacute;p đảo, tạo ra nhiều t&igrave;nh huống nguy hiểm về khung th&agrave;nh đối phương. Tuy nhi&ecirc;n sự lỳ lợm v&agrave; tập trung cao độ gi&uacute;p c&aacute;c cầu thủ ng&agrave;nh C&ocirc;ng an bảo vệ vững chắc m&agrave;nh lưới đội nh&agrave;.</p>\r\n\r\n<p>Nửa cuối thời gian trận đấu, đội C&ocirc;ng an Nh&acirc;n d&acirc;n dần lấy lại thế trận v&agrave; t&aacute;o bạo triển khai nhiều pha b&oacute;ng. Phần thưởng cho họ l&agrave; <strong>b&agrave;n thắng của Nguyễn Th&agrave;nh Trung ở ph&uacute;t 77</strong>. Nỗ lực san h&ograve;a của chủ nh&agrave; H&agrave; Nội ở hơn mười ph&uacute;t cuối bất th&agrave;nh.</p>\r\n\r\n<p>Chiến thắng đầu tay đầy thuyết phục l&agrave; động lực tinh thần qu&yacute; b&aacute;u để đội b&oacute;ng non trẻ tại giải &ndash; C&ocirc;ng an Nh&acirc;n d&acirc;n, bước tiếp h&agrave;nh tr&igrave;nh vốn c&ograve;n rất gian nan ph&iacute;a trước.</p>\r\n\r\n<p>Ở trận đấu v&ograve;ng 4 diễn ra v&agrave;o ng&agrave;y 2-5 tới, C&ocirc;ng an Nh&acirc;n d&acirc;n gặp B&igrave;nh Phước (2 h&ograve;a, 1 thua, tạm xếp thứ 7).</p>\r\n\r\n<p>Theo điều lệ, 8 đội b&oacute;ng hạng Nhất sẽ thi đấu 2 lượt đi/về. Đội v&ocirc; địch sẽ nhận 1 tỷ đồng tiền thường c&ugrave;ng suất thăng hạng V-League 2016.</p>\r\n\r\n<p><strong>Kết quả c&aacute;c trận đấu kh&aacute;c</strong></p>\r\n\r\n<p><img alt="Tân binh Công an Nhân dân có chiến thắng đầu tay" src="http://a5.img.bongda.com.vn/wp-content/uploads/2015/04/Congannhandan1.jpg" style="height:132px; width:672px" /></p>\r\n\r\n<p><strong>Bảng xếp hạng giải hạng nhất quốc gia</strong></p>\r\n\r\n<p><img alt="Tân binh Công an Nhân dân có chiến thắng đầu tay" src="http://a5.img.bongda.com.vn/wp-content/uploads/2015/04/Congannhandan2.jpg" style="height:222px; width:669px" /></p>\r\n', 'Congannhandan.jpg', '2015-07-19 04:36:02', 0, 31, 7, 1),
(40, 'Cựu cầu thủ U19 Việt Nam ghi bàn giúp Viettel lên hạng Nhất', 'Bongda.com.vn', 'Trương Văn Thiết là người ghi bàn mở tỷ số trong chiến thắng 3-0 của CLB Viettel trước Cà Mau, qua đó giúp đội bóng quân đội giành vé lên hạng ở mùa 2016.', '<p><a href="http://a5.img.bongda.com.vn/wp-content/uploads/2015/07/Viettel-e1435764954579.jpg"><img alt="Cựu cầu thủ U19 Việt Nam ghi bàn giúp Viettel lên hạng Nhất" src="http://a5.img.bongda.com.vn/wp-content/uploads/2015/07/Viettel-e1435764954579.jpg" style="height:465px; width:620px" /></a></p>\r\n\r\n<p>CLB Viettel nhận giải thưởng v&agrave; tấm v&eacute; l&ecirc;n chơi ở hạng Nhất 2016. Ảnh: Đặng Phương Nam</p>\r\n\r\n<p>Ng&agrave;y 25/6, v&ograve;ng bảng giải hạng Nh&igrave; Quốc gia 2015 đ&atilde; x&aacute;c định được 4 đội gi&agrave;nh quyền v&agrave;o chơi v&ograve;ng chung kết để tranh 2 v&eacute; l&ecirc;n hạng Nhất m&ugrave;a b&oacute;ng 2016 gồm Viettel (nhất bảng A) v&agrave; B&igrave;nh Định (nh&igrave; bảng A); XM FICO T&acirc;y Ninh (nhất bảng B) v&agrave; C&agrave; Mau (nh&igrave; bảng B).</p>\r\n\r\n<p>&nbsp;</p>\r\n\r\n<p>Theo kết quả bốc thăm của ban tổ chức, 16h chiều 1/7, tr&ecirc;n SVĐ Nha Trang, <a href="http://www.bongda.com.vn/viet-nam/tan-binh-cong-nhan-dan-co-chien-thang-dau-tay/" target="_blank">CLB Viettel so t&agrave;i với đội b&oacute;ng C&agrave; Mau</a> để tranh tấm v&eacute; l&ecirc;n chơi ở hạng Nhất m&ugrave;a 2016. Tấm v&eacute; c&ograve;n lại được quyết định ở trận XM FICO T&acirc;y Ninh &ndash; B&igrave;nh Định diễn ra l&uacute;c 18h30.</p>\r\n\r\n<p>Mở đầu trận đấu l&uacute;c 16h tr&ecirc;n SVĐ Nha Trang, Trương Văn Thiết l&agrave; người ghi b&agrave;n mở tỷ số cho Viettel sau pha s&uacute;t phạt từ khoảng c&aacute;ch 20 m. Với lợi thế dẫn trước, đội b&oacute;ng qu&acirc;n đội thoải m&aacute;i triển khai thế trận tấn c&ocirc;ng v&agrave; c&oacute; th&ecirc;m hai b&agrave;n thắng nữa ở hiệp 2 do c&ocirc;ng của Dương Văn H&agrave;o v&agrave; Trần Ho&agrave;ng Sơn.</p>\r\n\r\n<p>Gi&agrave;nh chiến thắng chung cuộc 3-0 trước C&agrave; Mau, <strong>CLB Viettel gi&agrave;nh tấm v&eacute; đầu ti&ecirc;n l&ecirc;n chơi ở giải hạng Nhất 2016</strong>.</p>\r\n\r\n<p>Cựu tuyển thủ U19 Việt Nam Trương Văn Thiết chia sẻ sau khi ghi b&agrave;n gi&uacute;p đội nh&agrave; gi&agrave;nh v&eacute; l&ecirc;n hạng: <em>&ldquo;Cảm gi&aacute;c của t&ocirc;i thật kh&oacute; tả. T&ocirc;i hạnh ph&uacute;c v&agrave; thấy n&oacute; &yacute; nghĩa hơn cả việc ghi b&agrave;n ở một trận chung kết&rdquo;</em>. Văn Thiết cũng c&oacute; pha ăn mừng b&agrave;n thắng ấn tượng khi giơ tay ch&agrave;o theo phong c&aacute;ch qu&acirc;n đội.</p>\r\n\r\n<p><a href="http://a5.img.bongda.com.vn/wp-content/uploads/2015/07/Viettel1-e1435764937210.jpg"><img alt="Cựu cầu thủ U19 Việt Nam ghi bàn giúp Viettel lên hạng Nhất" src="http://a5.img.bongda.com.vn/wp-content/uploads/2015/07/Viettel1-e1435764937210.jpg" style="height:423px; width:620px" /></a></p>\r\n\r\n<p>Cựu tuyển thủ U19 Việt Nam Trương Văn Thiết &ndash; một trong những người h&ugrave;ng gi&uacute;p Viettel l&ecirc;n chơi ở giải hạng Nhất 2016.</p>\r\n\r\n<p>Một l&atilde;nh đạo CLB Viettel chia sẻ mục ti&ecirc;u của đội b&oacute;ng sẽ thăng 2 hạng li&ecirc;n tiếp trong 2 năm (từ hạng Nh&igrave; l&ecirc;n hạng Nhất 2016, hạng Nhất l&ecirc;n V.League 2017). Đến nay, đội b&oacute;ng qu&acirc;n đội đ&atilde; thực hiện được một nửa mục ti&ecirc;u đề ra.</p>\r\n\r\n<p>Tấm v&eacute; tiếp theo l&ecirc;n hạng Nhất 2016 sẽ thuộc về đội thắng ở cuộc so t&agrave;i XM FICO T&acirc;y Ninh &ndash; B&igrave;nh Định diễn ra l&uacute;c 18h30 ng&agrave;y 1/7.</p>\r\n\r\n<p>Đội thua ở trận đấu n&agrave;y sẽ gặp C&agrave; Mau (thua Viettel) để tranh tấm v&eacute; vớt l&ecirc;n chơi hạng Nhất m&ugrave;a 2016.</p>\r\n', 'Viettel-e1435764954579.jpg', '2015-07-19 04:35:22', 23, 33, 7, 1),
(41, 'Liverpool sẵn sàng “lật kèo” Chelsea trong vụ Pedro', 'Bongda.com.vn', 'Ở một diễn biến mới nhất, đội bóng chủ sân Anfield đang sẵn sàng thách thức Chelsea trong thương vụ theo đuổi tiền đạo Pedro Rodriguez của Barca.', '<p><a href="http://a5.img.bongda.com.vn/wp-content/uploads/2015/07/per1.jpg"><img alt="Liverpool nhảy vào cuộc đua giành chữ ký của Pedro. Ảnh: Internet." src="http://a5.img.bongda.com.vn/wp-content/uploads/2015/07/per1.jpg" style="height:408px; width:620px" /></a></p>\r\n\r\n<p>Liverpool nhảy v&agrave;o cuộc đua gi&agrave;nh chữ k&yacute; của Pedro. Ảnh: Internet.</p>\r\n\r\n<p>Thời điểm hiện tại, khi m&agrave; tiền đạo Pedro Rodriguez của <a href="http://bongda.com.vn/tags/Barcelona" target="_blank">Barca</a> kh&ocirc;ng c&ograve;n nhiều hy vọng để cạnh tranh suất đ&aacute; ch&iacute;nh thường xuy&ecirc;n trong m&agrave;u &aacute;o đội b&oacute;ng xứ Catalonia, những tin đồn về việc ng&ocirc;i sao người T&acirc;y Ban Nha chuẩn bị chia tay s&acirc;n Nou Camp ở kỳ chuyển nhượng m&ugrave;a H&egrave; năm nay đ&atilde; li&ecirc;n tục xuất hiện tr&ecirc;n khắp c&aacute;c mặt b&aacute;o ch&acirc;u &Acirc;u. Được biết, chi ph&iacute; ph&aacute; vỡ hợp đồng của cầu thủ 27 tuổi n&agrave;y rơi v&agrave;o 22 triệu bảng (khoảng 30 triệu euro).</p>\r\n\r\n<p>Mặc d&ugrave; vậy, trong trường hợp c&oacute; một đội b&oacute;ng n&agrave;o đấy thực sự quyết t&acirc;m chi&ecirc;u mộ Pedro, nhiều khả năng ban l&atilde;nh đạo Barca sẽ sẵn s&agrave;ng đ&agrave;m ph&aacute;n để ch&acirc;n s&uacute;t người T&acirc;y Ban Nha ra đi với một mức gi&aacute; dễ chịu hơn. T&iacute;nh đến thời điểm n&agrave;y, <a href="http://www.bongda.com.vn/bong-da-tbn/pedro-dang-dung-o-chinh-giua-chelsea-va-barcelona/" target="_blank">Chelsea ch&iacute;nh l&agrave; CLB đang tỏ ra khao kh&aacute;t gi&agrave;nh được sự phục vụ của tiền đạo mang &aacute;o số 7</a> b&ecirc;n ph&iacute;a đội b&oacute;ng xứ Catalonia nhiều nhất.</p>\r\n\r\n<p>Tuy nhi&ecirc;n, ở một diễn biến mới nhất, theo như những nguồn tin từ tờ Sport (T&acirc;y Ban Nha) tiết lộ th&igrave; <strong>Liverpool đ&atilde; sẵn s&agrave;ng nhảy v&agrave;o cuộc đua cạnh tranh với The Blues</strong>. Cụ thể, sau thời điểm b&aacute;n th&agrave;nh c&ocirc;ng Raheem Sterling cho Man City với mức gi&aacute; kỷ lục 49 triệu bảng, đội b&oacute;ng v&ugrave;ng Merseyside đang hết sức dư dả về ng&acirc;n s&aacute;ch đồng thời sẵn s&agrave;ng chi đậm để chi&ecirc;u mộ chữ k&yacute; của Pedro.</p>\r\n\r\n<p>Thực tế cho thấy, vấn đề nan giải duy nhất khiến The Kop gặp kh&oacute; khăn v&agrave;o thời điểm n&agrave;y ch&iacute;nh l&agrave; việc l&agrave;m thế n&agrave;o để thuyết phục ch&acirc;n s&uacute;t người T&acirc;y Ban Nha lựa chọn giải ph&aacute;p chuyển đến thi đấu tại s&acirc;n Anfield trong m&ugrave;a giải sắp tới. Được biết, trước khi quan t&acirc;m đến Pedro th&igrave; HLV Rodgers cũng đang sẵn s&agrave;ng duyệt chi một khoản tiền trị gi&aacute; 32,5 triệu bảng để theo đuổi tiền đạo Benteke của Aston Villa.</p>\r\n', 'per1.jpg', '2015-07-19 09:58:36', 17, 1, 0, 1),
(42, 'Trọng tài không tự dựng nên các quả phạt đền', 'Lan Phương', 'Trước các tranh cãi ở vòng tứ kết cúp quốc gia 2015, trao đổi cùng PV, trưởng ban trọng tài Liên đoàn bóng đá Việt Nam (VFF) Nguyễn Văn Mùi khẳng định ‘trọng tài không dựng từ không thành có các quả phạt đền’.', '<p><a href="http://a5.img.bongda.com.vn/wp-content/uploads/2015/06/HNTT.jpg"><img alt="''Trọng tài không dựng từ không thành có các quả phạt đền''" src="http://a5.img.bongda.com.vn/wp-content/uploads/2015/06/HNTT.jpg" style="height:453px; width:600px" /></a></p>\r\n\r\n<p>T&igrave;nh huống dẫn đến quả 11m cho H&agrave; Nội T&amp;T ở tứ kết C&uacute;p quốc gia &ndash; Ảnh: Minh T&uacute;</p>\r\n\r\n<p><em>T&ocirc;i xin <strong>kh&ocirc;ng đưa ra nhận định trọng t&agrave;i đ&uacute;ng hay sai</strong>. Nhưng qua nh&igrave;n thấy băng ghi h&igrave;nh v&agrave; việc trọng t&agrave;i ở tr&ecirc;n s&acirc;n, trong một t&iacute;ch tắc rồi đưa ra quyết định như vậy l&agrave; hết sức b&igrave;nh thường ở trong b&oacute;ng đ&aacute; th&ocirc;i, kh&ocirc;ng c&oacute; g&igrave; nặng nề cả!</em></p>\r\n\r\n<p><em>C&oacute; thể g&acirc;y tranh c&atilde;i, nhưng ở vị tr&iacute; thuận lợi c&oacute; cơ sở để đưa ra quyết định như vậy, <a href="http://www.bongda.com.vn/tin-chinh/tu-ket-cup-quoc-gia-2015-trong-tai-bi-danh-lua-hagl-bi-loai-tuc-tuoi/" target="_blank">c&oacute; thể đ&uacute;ng c&oacute; thể sai nhưng đ&oacute; l&agrave; nhận định</a> c&aacute; nh&acirc;n của họ. T&ocirc;i nghĩ t&igrave;nh huống dẫn đến quả phạt đền của HAGL xuất ph&aacute;t từ việc trọng t&agrave;i Trần Đ&igrave;nh Thịnh nhận định thủ m&ocirc;n vồ hụt b&oacute;ng v&agrave; c&oacute; va chạm với tiền đạo đối phương th&igrave; &ocirc;ng ấy thổi phạt đền.</em></p>\r\n\r\n<p><em>Đơn giản như thế th&ocirc;i! Thực tế ra m&igrave;nh xem đi xem lại bằng video hay truyền h&igrave;nh cũng kh&ocirc;ng thực sự r&otilde; r&agrave;ng huống chi phải quyết định nhanh như họ. Kh&ocirc;ng thể tr&aacute;ch trọng t&agrave;i được&rdquo;</em>, &ocirc;ng M&ugrave;i chia sẻ c&ugrave;ng PV.</p>\r\n\r\n<p>B&ecirc;n cạnh đ&oacute;, &ocirc;ng M&ugrave;i cũng nhắc lu&ocirc;n việc tiền đạo C&ocirc;ng Phượng từng nhiều lần đem về c&aacute;c quả 11m cho HAGL sau c&aacute;c pha ng&atilde; rất đẹp.</p>\r\n\r\n<p>Đồng thời, &ocirc;ng M&ugrave;i c&ograve;n lưu &yacute; lại việc HAGL từng được hưởng lợi từ ch&iacute;nh trọng t&agrave;i Trần Đ&igrave;nh Thịnh, với quả phạt đền đem về chiến thắng 1-0 trước SHB.Đ&agrave; Nẵng tr&ecirc;n s&acirc;n Pleiku ở v&ograve;ng 5 V-League 2015.</p>\r\n\r\n<p><a href="http://a5.img.bongda.com.vn/wp-content/uploads/2015/06/HNTT1.jpg"><img alt="''Trọng tài không dựng từ không thành có các quả phạt đền''" src="http://a5.img.bongda.com.vn/wp-content/uploads/2015/06/HNTT1.jpg" style="height:400px; width:600px" /></a></p>\r\n\r\n<p>Samson ăn mừng b&agrave;n thắng v&agrave;o lưới HAGL &ndash; Ảnh: Minh T&uacute;</p>\r\n\r\n<p><em>&ldquo;HAGL trước đ&acirc;y cũng từng được hưởng những quả phạt đền, C&ocirc;ng Phượng cũng ng&atilde; giống Samson như thế v&agrave; trọng t&agrave;i chỉ tay v&agrave;o chấm 11m.</em></p>\r\n\r\n<p><em>Ch&iacute;nh trọng t&agrave;i Trần Đ&igrave;nh Thịnh n&agrave;y cũng thổi phạt penalty cho HAGL trong trận gặp SHB.Đ&agrave; Nẵng tại Pleiku. Khi đ&oacute;, SHB.Đ&agrave; Nẵng cũng phản ứng khi cho rằng thủ m&ocirc;n ra vồ cũng kh&ocirc;ng tr&uacute;ng b&oacute;ng, vướng v&agrave;o C&ocirc;ng Phượng v&agrave; cầu thủ n&agrave;y ng&atilde; rất đẹp.</em></p>\r\n\r\n<p><em>T&ocirc;i nghĩ đ&acirc;y l&agrave; điều b&igrave;nh thường, c&oacute; l&uacute;c đội n&agrave;y được lợi đội kia được lợi th&ocirc;i từ c&aacute;c quyết định trong t&iacute;ch tắc của trọng t&agrave;i&rdquo;.</em></p>\r\n\r\n<p>Li&ecirc;n quan đến v&ograve;ng tứ kết C&uacute;p quốc gia, &ocirc;ng M&ugrave;i cho biết, ban tổ chức sẽ mổ băng sau khi thu thập đủ băng kỹ thuật ở c&aacute;c trận đấu, trong đ&oacute; c&oacute; trận H&agrave; Nội T&amp;T gặp HAGL v&agrave; SLNA gặp B.B&igrave;nh Dương.</p>\r\n\r\n<p>&Ocirc;ng M&ugrave;i khẳng định: <em>&ldquo;Khi c&oacute; đầy đủ tư liệu ch&uacute;ng t&ocirc;i sẽ xem x&eacute;t lại. Chắc chỉ trong nay mai th&ocirc;i. Phải c&oacute; băng kỹ thuật ch&uacute;ng t&ocirc;i mới xem x&eacute;t bởi đ&oacute; mới ch&iacute;nh l&agrave; bằng chứng chứ kh&ocirc;ng phải băng truyền h&igrave;nh. Nhưng t&ocirc;i nghĩ chắc sẽ kh&ocirc;ng c&oacute; &aacute;n phạt &ldquo;treo c&ograve;i&rdquo; ở đ&acirc;y.</em></p>\r\n\r\n<p><em>Sắp tới l&agrave; v&ograve;ng b&aacute;n kết v&agrave; chung kết C&uacute;p quốc gia, ch&uacute;ng t&ocirc;i sẽ cử những trọng t&agrave;i tốt nhất hiện nay. Nhưng trọng t&agrave;i n&agrave;o cũng thế th&ocirc;i, cũng c&oacute; những l&uacute;c sai lầm. Kh&ocirc;ng thể bắt họ &ldquo;miễn dịch&rdquo; với sai lầm được. Nhưng chắc chắn c&aacute;c trọng t&agrave;i kh&ocirc;ng thể dựng l&ecirc;n những quả phạt đền từ kh&ocirc;ng th&agrave;nh c&oacute; được&rdquo;.</em></p>\r\n\r\n<p><strong>Thủ m&ocirc;n Minh Nhựt: &ldquo;Samson đ&atilde; chủ động đ&aacute; v&agrave;o tay t&ocirc;i&rdquo;</strong></p>\r\n\r\n<p>&nbsp;</p>\r\n\r\n<p><em>&ldquo;T&igrave;nh huống đ&oacute; Samson dẫn b&oacute;ng l&ecirc;n v&agrave;o v&ograve;ng cấm địa, quả b&oacute;ng đ&atilde; được đẩy ra xa th&igrave; t&ocirc;i chựng lại một nhịp v&agrave; trời mưa n&ecirc;n t&ocirc;i ng&atilde; ra v&agrave; b&oacute;ng lại được đẩy ra xa một lần nữa.</em></p>\r\n\r\n<p><em>R&otilde; r&agrave;ng tr&ecirc;n thực tế tay t&ocirc;i kh&ocirc;ng hề c&oacute; &yacute; định t&aacute;c động v&agrave;o bất kỳ ch&acirc;n hay bộ phận n&agrave;o của Samson cả. Thậm ch&iacute;, ch&acirc;n Samson đ&aacute; v&agrave;o bắp tay t&ocirc;i v&agrave; rất bất ngờ lăn ra ăn vạ&rdquo;.</em></p>\r\n\r\n<p>Sau đ&oacute; t&ocirc;i n&oacute;i với trọng t&agrave;i l&agrave; t&ocirc;i kh&ocirc;ng phạm lỗi nhưng trọng t&agrave;i n&oacute;i: &ldquo;<em>Cậu đ&atilde; chụp gi&ograve; Samson&rdquo;.</em> T&ocirc;i khẳng định l&agrave; kh&ocirc;ng c&oacute; phạm lỗi như vậy. T&ocirc;i tin chắc rằng khi quay lại pha n&agrave;y th&igrave; ai cũng x&aacute;c định t&ocirc;i kh&ocirc;ng phạm lỗi v&agrave; Samson ăn vạ.</p>\r\n\r\n<p>Samson l&agrave; cầu thủ ăn vạ rất tốt. Tại V-League m&ugrave;a n&agrave;y, Samson từng ăn vạ v&agrave; khiến ch&uacute;ng t&ocirc;i chịu 1 quả phạt đền oan. Khi đ&oacute; 1 cầu thủ HAGL phạm lỗi ngo&agrave;i v&ograve;ng cấm địa, Samson ng&atilde; ngo&agrave;i v&ograve;ng cấm địa v&agrave; trọng t&agrave;i cho H&agrave; Nội T&amp;T hưởng 1 quả penalty<strong>.</strong></p>\r\n', 'HNTT.jpg', '2015-07-19 04:36:59', 1, 32, 7, 1),
(43, 'Năm đầu của Van Gaal tại M.U: Kém xa Mourinho, Pellegrini', 'Bongda.com.vn', 'HLV Louis van Gaal lên tiếp quản chiếc ghế nóng tại Manchester United đúng 12 tháng trước nhưng liệu ông đã tạo được dấu ấn to lớn?', '<p><a href="http://a5.img.bongda.com.vn/wp-content/uploads/2015/07/er156.jpg"><img alt="Thành tích của Van Gaal so với Ferguson trong năm đầu dẫn dắt M.U. Ảnh internet." src="http://a5.img.bongda.com.vn/wp-content/uploads/2015/07/er156.jpg" style="height:291px; width:620px" /></a></p>\r\n\r\n<p>Th&agrave;nh t&iacute;ch của Van Gaal so với Ferguson trong năm đầu dẫn dắt M.U. Ảnh internet.</p>\r\n\r\n<p>Giới chuy&ecirc;n m&ocirc;n nhận định Louis van Gaal đ&atilde; gặp nhiều thuận lợi khi Manchester United vừa trải qua một m&ugrave;a giải bết b&aacute;t, rớt xuống tận vị tr&iacute; thứ 7 dưới thời <a href="http://www.bongda.com.vn/tags/david-moyes" target="_blank">David Moyes.</a> V&igrave; thế, khi c&oacute; suất dự Champions League, đ&oacute; đ&atilde; được xem l&agrave; một th&agrave;nh c&ocirc;ng.</p>\r\n\r\n<p>Tuy nhi&ecirc;n, Quỷ đỏ th&agrave;nh Manchester lại li&ecirc;n tiếp thất bại ở những giải đấu như FA Cup v&agrave; Capital One Cup, khiến họ trải qua một m&ugrave;a giải trắng tay to&agrave;n tập.</p>\r\n\r\n<p>D&ugrave; vậy, Van Gaal vẫn c&oacute; một sự khởi đầu tại nước Anh đ&aacute;ng ch&uacute; &yacute; khi trước đ&oacute; cả Rafa Benitez, Arsene Wenger v&agrave; thậm ch&iacute; l&agrave; Sir Alex Ferguson đều kh&ocirc;ng đạt được&nbsp;<strong>tỷ lệ 51,16% chiến thắng của Van Gaal trong năm đầu ti&ecirc;n.</strong></p>\r\n\r\n<p>Benitez đ&atilde; dẫn dắt Liverpool đến vinh quang Champions League nhưng đội b&oacute;ng của &ocirc;ng lại c&aacute;n đ&iacute;ch Premier League ở tận vị tr&iacute; thứ 5, phải nhận tổng cộng 19 trận thua to&agrave;n m&ugrave;a giải, đạt tỷ lệ 48,33% trận thắng.</p>\r\n\r\n<p>Trong khi đ&oacute;, Wenger trong m&ugrave;a giải đầu ti&ecirc;n của m&igrave;nh tại Arsenal, chỉ c&oacute; được 21 trận thắng, tỷ lệ 44,68%. Huyền thoại Sir Alex Ferguson cũng kh&ocirc;ng mấy su&ocirc;n sẻ với tỷ lệ thắng đạt 45,65%.</p>\r\n\r\n<p>Tuy vậy, những <a href="http://www.bongda.com.vn/tags/sir-alex-ferguson" target="_blank">Ferguson </a>hay Wenger kh&ocirc;ng c&oacute; được đội h&igrave;nh tối ưu nhất, thậm ch&iacute; Manchester United c&ograve;n ngụp lặn chống xuống hạng trong năm đầu chiến lược gia người Scotland nắm quyền. Ngược lại, khoảng 150 triệu bảng đ&atilde; được Van Gaal ti&ecirc;u ph&iacute; tr&ecirc;n TTCN.</p>\r\n\r\n<p><a href="http://a5.img.bongda.com.vn/wp-content/uploads/2015/07/er254.jpg"><img alt="Thành tích của những chiến lược gia khác. Ảnh internet." src="http://a5.img.bongda.com.vn/wp-content/uploads/2015/07/er254.jpg" style="height:293px; width:620px" /></a></p>\r\n\r\n<p>Th&agrave;nh t&iacute;ch của những chiến lược gia kh&aacute;c. Ảnh internet.</p>\r\n\r\n<p>Th&agrave;nh c&ocirc;ng nhất phải kể đến Manuel Pellegrini v&agrave; Jose Mourinho. Cả hai HLV n&agrave;y <strong>đạt tỷ lệ thắng cao ngất ngưỡng lần lượt l&agrave; 71,93% v&agrave; 71,19%</strong> trong năm đầu tại Man City v&agrave; Chelsea.</p>\r\n\r\n<p>Điều n&agrave;y dễ hiểu bởi Chelsea v&agrave; Man City được đầu tư kh&aacute; mạnh mẽ trong khoảng thời gian đ&oacute; v&agrave; hiện giờ đ&atilde; vươn l&ecirc;n trở th&agrave;nh một thế lực của b&oacute;ng đ&aacute; Anh.</p>\r\n\r\n<p>R&otilde; r&agrave;ng, khi nh&igrave;n lại những g&igrave; l&agrave;m được, Van Gaal c&oacute; quyền tự h&agrave;o về bản th&acirc;n nhưng với một đội b&oacute;ng như <a href="http://www.bongda.com.vn/tags/manchester-united" target="_blank">Manchester United,</a> &aacute;p lực sẽ ng&agrave;y c&agrave;ng lớn hơn nữa. M&ugrave;a giải thứ hai của Van Gaal tại United sẽ th&agrave;nh c&ocirc;ng rực rỡ? Vẫn c&ograve;n l&agrave; một dấu hỏi lớn ở ph&iacute;a trước.</p>\r\n\r\n<p><a href="http://a5.img.bongda.com.vn/wp-content/uploads/2015/07/capture-20150717-120419.png"><img alt="capture-20150717-120419" src="http://a5.img.bongda.com.vn/wp-content/uploads/2015/07/capture-20150717-120419.png" style="height:299px; width:620px" /></a></p>\r\n', 'er156.jpg', '2015-07-19 10:09:36', 9, 11, 2, 1);
INSERT INTO `news` (`news_id`, `news_title`, `news_author`, `news_description`, `news_detail`, `news_img`, `news_time`, `news_view`, `cate_id`, `parent_id`, `user_id`) VALUES
(44, 'Cha Neymar lên tiếng bác bỏ cáo buộc', 'Bongda.com.vn', 'Trong một phát biểu mới đây với báo chí, cha của tiền đạo đang thi đấu cho Barcelona cho rằng mọi hoạt động chuyển nhượng mà ông đã thực hiện là hợp pháp.', '<p><a href="http://a5.img.bongda.com.vn/wp-content/uploads/2015/07/1437074616_extras_noticia_foton_7_0.jpg"><img alt="Cha Neymar, ông Neymar Sr đã phủ nhận mọi cáo buộc. Ảnh: Internet." src="http://a5.img.bongda.com.vn/wp-content/uploads/2015/07/1437074616_extras_noticia_foton_7_0.jpg" style="height:354px; width:630px" /></a></p>\r\n\r\n<p>Cha Neymar, &ocirc;ng Neymar Sr đ&atilde; phủ nhận mọi c&aacute;o buộc. Ảnh: Internet.</p>\r\n\r\n<p><strong><em>&ldquo;Hợp ph&aacute;p, minh bạch v&agrave; r&otilde; r&agrave;ng&rdquo;. </em></strong>Đ&oacute; l&agrave; những g&igrave; m&agrave; &ocirc;ng Neymar Sr &ndash; cha của Neymar Jr đ&atilde; ph&aacute;t biểu với truyền th&ocirc;ng.</p>\r\n\r\n<p>Như c&aacute;c phương tiện truyền th&ocirc;ng đại ch&uacute;ng đ&atilde; đưa tin c&aacute;ch đ&acirc;y gần một th&aacute;ng, th&igrave; cả chủ tịch v&agrave; cha của Neymar đều đang phải đứng trước nguy cơ phải ra to&agrave; v&igrave; một loạt c&aacute;c tội danh như tham nhũng, lừa đảo, v&agrave; gian lận.</p>\r\n\r\n<p>C&ocirc;ng ty đ&atilde; khởi kiện c&aacute;c b&ecirc;n li&ecirc;n quan trong vụ chuyển nhượng n&agrave;y l&agrave; DIS<strong>. </strong>C&ocirc;ng ty n&agrave;y cho rằng m&igrave;nh đ&atilde; bị thiệt hại rất lớn thương vụ n&agrave;y. V&agrave; c&ocirc;ng ty N&amp;N, c&ocirc;ng ty của cha tiền đạo Brazil l&agrave; người đ&atilde; được hưởng lợi.</p>\r\n\r\n<p>Tuy vậy, &ocirc;ng Neymar Sr đ&atilde; phủ nhận điều n&agrave;y.</p>\r\n\r\n<p><em>&ldquo;T&ocirc;i đ&atilde; l&agrave;m tất cả mọi thứ trong khu&ocirc;n khổ ph&aacute;p luật v&agrave; hợp ph&aacute;p.<strong> Kh&ocirc;ng c&oacute; g&igrave; sai phạm v&agrave; tr&aacute;i luật cả</strong>. Ch&uacute;ng t&ocirc;i đ&atilde; l&agrave;m mọi thứ hết sức chuy&ecirc;n nghiệp, r&otilde; r&agrave;ng v&agrave; minh bạch,&rdquo; </em>&Ocirc;ng n&oacute;i.</p>\r\n\r\n<p>Khi được hỏi về c&aacute;c c&aacute;o cuộc của DIS, &ocirc;ng cho rằng c&ocirc;ng ty n&agrave;y đang cố gắng hủy hoại danh tiếng của con trai &ocirc;ng cũng như gia đ&igrave;nh.</p>\r\n\r\n<p><em>&ldquo;T&ocirc;i lu&ocirc;n sẵn s&agrave;ng để chứng minh rằng m&igrave;nh v&agrave; gia đ&igrave;nh, cũng như c&ocirc;ng ty N&amp;N ho&agrave;n to&agrave;n trong sạch trong thương vụ đ&oacute;. Mọi c&aacute;o buộc đều l&agrave; sai tr&aacute;i v&agrave; được thổi phồng.&rdquo;</em></p>\r\n', '1437074616_extras_noticia_foton_7_0.jpg', '2015-07-19 03:23:26', 0, 17, 3, 1),
(45, 'Mandzukic mời gọi Gotze đến Juventus', 'Bongda.com.vn', 'Trong một phát biểu mới đây, tiền đạo Mario Mandzukic đã lên tiếng mời gọi người đồng đội cũ Mario Gotze nên cân nhắc chuyển tới Juventus.', '<p><strong><a href="http://a5.img.bongda.com.vn/wp-content/uploads/2015/07/3a1314.jpg"><img alt=" Mario Mandzukicm Mario Gotze , Juventus, Bayern Munich" src="http://a5.img.bongda.com.vn/wp-content/uploads/2015/07/3a1314.jpg" style="height:372px; width:620px" /></a></strong></p>\r\n\r\n<p>Trước th&ocirc;ng tin Mario Gotze đang c&acirc;n nhắc việc chia tay Bayern Munich trong m&ugrave;a H&egrave; n&agrave;y sau khi kh&ocirc;ng nhận được sự trọng dụng của HLV Pep Guardiola, Juventus cũng đ&atilde; c&oacute; dấu hiệu cho thấy họ muốn đưa tiền vệ người Đức n&agrave;y tới Turin.</p>\r\n\r\n<p>&nbsp;</p>\r\n\r\n<p>Một trong những động th&aacute;i mới nhất từ ph&iacute;a B&agrave; Đầm Gi&agrave; ch&iacute;nh l&agrave; những ph&aacute;t biểu đầy t&iacute;nh chất mời gọi từ tiền đạo Mario Mandzukic, một người đồng đội cũ của Mario Gotze tại Bayern Munich trước đ&acirc;y:</p>\r\n\r\n<p><em>&ldquo;T&ocirc;i từng được thi đấu c&ugrave;ng cậu ấy, v&agrave; t&ocirc;i biết r&otilde; rằng với khả năng của m&igrave;nh cậu ấy ho&agrave;n to&agrave;n <strong>c&oacute; thể chơi ở bất cứ đội b&oacute;ng n&agrave;o.</strong> Đ&oacute; l&agrave; một cầu thủ giỏi, một ch&agrave;ng trai tuyệt vời.&rdquo;</em></p>\r\n\r\n<p><em>&ldquo;Một v&agrave;i cầu thủ của Juventus đ&atilde; ra đi, v&agrave; một số cũng đ&atilde; tới. Juventus lu&ocirc;n tiến về ph&iacute;a trước, ch&uacute;ng t&ocirc;i chắc chắn sẽ c&ograve;n c&oacute; th&ecirc;m những bản hợp đồng mới, v&agrave; hy vọng ch&uacute;ng t&ocirc;i vẫn sẽ giữ được sức mạnh như m&ugrave;a giải trước,&rdquo;</em> Mario Mandzukic n&oacute;i th&ecirc;m.</p>\r\n\r\n<p>Được biết ngo&agrave;i Juventus, hiện Mario Gotze cũng đang nhận được những li&ecirc;n hệ từ ph&iacute;a Man Utd, đội b&oacute;ng nhiều khả năng sẽ chia tay Di Maria trong thời gian tới.</p>\r\n', '3a1314.jpg', '2015-07-19 10:37:10', 17, 20, 4, 1),
(69, 'Arsenal thoả lấp vị trí “số 9″ bằng Edin Dzeko', 'Bongda.com.vn', 'Arsenal đang lên kế hoạch thực hiện thương vụ gây sốc khi muốn chiêu mộ tiền đạo Edin Dzeko của Manchester City.', '<p>&nbsp;</p>\r\n\r\n<p>Arsenal thoả lấp vị tr&iacute; &ldquo;số 9&Prime; bằng Edin Dzeko. Ảnh: Internet.</p>\r\n\r\n<p>Ph&aacute;o thủ đang l&ugrave;ng sục thị trường chuyển nhượng để t&igrave;m một &ldquo;số 9&Prime; trong đội h&igrave;nh. C&oacute; nguồn tin cho hay, Karim Benzema v&agrave; Alexandre Lacazette đang trở th&agrave;nh những mục ti&ecirc;u của họ. Tuy nhi&ecirc;n, t&iacute;nh khả thi để phi vụ n&agrave;y th&agrave;nh c&ocirc;ng kh&aacute; thấp. Ch&iacute;nh v&igrave; vậy, Arsenal giờ chuyển hướng sang mục ti&ecirc;u kh&aacute;c.</p>\r\n\r\n<p>Đ&oacute; l&agrave; Edin Dzeko, ch&acirc;n s&uacute;t kh&ocirc;ng được trọng dụng ở Manchester City. <strong>Đội chủ s&acirc;n Etihad cũng kh&ocirc;ng muốn giữ ng&ocirc;i sao 29 tuổi n&agrave;y v&agrave; sẵn s&agrave;ng để Dzeko ra đi nếu nhận được gi&aacute; chuyển nhượng th&iacute;ch hợp.</strong></p>\r\n\r\n<p>Với Arsenal, đối thủ của họ trong phi vụ n&agrave;y l&agrave; AS Roma. Tuy nhi&ecirc;n, tin vui cho đội b&oacute;ng th&agrave;nh London khi Dzeko th&iacute;ch ở lại Anh thi đấu hơn. D&ugrave; vậy, Arsenal cần nhanh ch&oacute;ng thực hiện tiếp cận Dzeko bởi Roma cũng tỏ ra rất nghi&ecirc;m t&uacute;c trong phi vụ n&agrave;y.</p>\r\n\r\n<p>Với Dzeko, anh đ&atilde; c&oacute; 5 m&ugrave;a giải kho&aacute;c &aacute;o Manchester City. Ch&acirc;n s&uacute;t n&agrave;y bỏ t&uacute;i 71 b&agrave;n sau 185 trận thi đấu tr&ecirc;n mọi đấu trường.</p>\r\n', 'dzeko1.jpg', '2015-07-19 10:50:36', 2, 1, 0, 1),
(70, 'Bayern háo hức chào đón “bom tấn” Arturo Vidal', 'Bongda.com.vn', 'Các huyền thoại Bayern Munich đều đánh giá rất cao Arturo Vidal và tin rằng tiền vệ này có thể khỏa lấp khoảng trống bỏ lại của Bastian Schweinsteiger.', '<p><a href="http://a5.img.bongda.com.vn/wp-content/uploads/2015/07/Bayern5.jpg"><img alt="Vidal coi như đã là người của Bayern Munich. Ảnh: Internet." src="http://a5.img.bongda.com.vn/wp-content/uploads/2015/07/Bayern5.jpg" style="height:398px; width:620px" /></a></p>\r\n\r\n<p>Vidal coi như đ&atilde; l&agrave; người của Bayern Munich. Ảnh: Internet.</p>\r\n\r\n<p>Kh&ocirc;ng l&acirc;u sau khi b&aacute;n Bastian Schweinsteiger cho Man Utd, Bayern Munich đ&atilde; t&igrave;m được người thay thế l&agrave; Arturo Vidal. Thương vụ n&agrave;y gần như đ&atilde; ho&agrave;n tất sau khi H&ugrave;m x&aacute;m xứ Bavaria đồng &yacute; chi 40 triệu euro.</p>\r\n\r\n<p>&nbsp;</p>\r\n\r\n<p>H&ocirc;m qua, tr&ecirc;n mạng x&atilde; hội Instagram, <a href="http://www.bongda.com.vn/tin-nong/nong-arturo-vidal-noi-loi-chia-tay-juventus/" target="_blank">tiền vệ người Chile đ&atilde; gửi lời chia tay tới Juventus v&agrave; c&aacute;c CĐV th&agrave;nh Turin.</a> Thương vụ n&agrave;y c&oacute; khả năng sẽ được c&ocirc;ng bố trong v&ograve;ng 24 giờ tới.</p>\r\n\r\n<p>Arturo Vidal chưa ch&iacute;nh thức l&agrave; người của Bayern Munich nhưng c&aacute;c huyền thoại của H&ugrave;m x&aacute;m đ&atilde; tỏ ra rất h&aacute;o hức trước sự bổ sung chất lượng n&agrave;y. Cựu tiền vệ Bayern, Lothar Matthaus cho rằng<strong> Vidal l&agrave; mẫu cầu thủ m&agrave; Bayern chưa từng c&oacute; trong lịch sử.</strong></p>\r\n\r\n<p><em>&ldquo;Arturo Vidal sẽ l&agrave; sự bổ sung tuyệt vời cho Bayern Munich bởi cậu ta mẫu cầu thủ ho&agrave;n hảo c&oacute; thể li&ecirc;n kết h&agrave;ng thủ v&agrave; h&agrave;ng c&ocirc;ng. Bayern Munich chưa từng sở hữu 1 cầu thủ như vậy. Nếu Vidal tới Bayern, thương vụ n&agrave;y sẽ gi&uacute;p ch&uacute;ng t&ocirc;i xoa dịu nỗi đau sau khi Schweinsteiger ra đi,&rdquo;</em> Lothar Matthaus chia sẻ.</p>\r\n\r\n<p><em>&ldquo;T&iacute;nh c&aacute;ch của Vidal kh&aacute; giống với Oliver Kahn v&agrave; Effenberg trước đ&acirc;y. Cậu ta l&agrave; 1 trong những tiền vệ hay nhất thế giới hiện tại. Ngo&agrave;i khả năng thu hồi b&oacute;ng, Vidal c&ograve;n biết c&aacute;ch ph&aacute;t động tấn c&ocirc;ng rất nhanh v&agrave; c&oacute; tố chất thủ lĩnh,&rdquo; </em>huyền thoại người Đức n&oacute;i th&ecirc;m.</p>\r\n\r\n<p>Một huyền thoại kh&aacute;c của Bayern v&agrave; ĐT Đức, Sepp Maier cũng h&agrave;i l&ograve;ng về khả năng của Vidal. &Ocirc;ng tự tin cho rằng ng&ocirc;i sao người Chile sẽ khỏa lấp vị tr&iacute; bỏ lại của Schweinsteiger.</p>\r\n\r\n<p><em>&ldquo;Vidal rất ph&ugrave; hợp với hệ thống chiến thuật của Guardiola. C&aacute;ch chơi b&oacute;ng của cậu ta cũng c&oacute; nhiều điểm tương đồng với Schweinsteiger. T&ocirc;i hi vọng cậu ta sẽ lấp đầy khoảng trống bỏ lại của Bastian. Tr&ecirc;n g&oacute;c độ thể thao, Vidal thừa khả năng thay thế Bastian nhưng sẽ kh&oacute; thay thế 1 cầu thủ đ&atilde; c&oacute; 17 năm gắn b&oacute; c&ugrave;ng CLB,&rdquo; </em>Sepp Maier nhận định.</p>\r\n\r\n<p>Theo Kicker, Vidal đ&atilde; đồng &yacute; k&iacute; bản HĐ 4 năm với Bayern Munich. Tại đ&acirc;y, ng&ocirc;i sao người Chile sẽ hưởng mức lương 6,5 triệu euro/m&ugrave;a.</p>\r\n', 'Bayern5.jpg', '2015-07-19 10:49:33', 12, 1, 0, 1);

-- --------------------------------------------------------

--
-- Table structure for table `user`
--

CREATE TABLE IF NOT EXISTS `user` (
`id` int(3) unsigned NOT NULL,
  `username` varchar(25) NOT NULL,
  `password` varchar(50) NOT NULL,
  `email` varchar(100) NOT NULL,
  `level` tinyint(1) NOT NULL DEFAULT '1'
) ENGINE=InnoDB AUTO_INCREMENT=25 DEFAULT CHARSET=utf8;

--
-- Dumping data for table `user`
--

INSERT INTO `user` (`id`, `username`, `password`, `email`, `level`) VALUES
(1, 'admin', '14e1b600b1fd579f47433b88e8d85291', 'admin@gmail.com', 2),
(2, 'user1', '123456', 'user1@gmail.com', 1),
(3, 'kenny', '123456', 'kenny@gmail.com', 2),
(4, 'user2', '123456', 'user2@gmail.com', 1),
(5, 'user4', '123456', 'user4@gmail.com', 2),
(13, 'user5', '123456', 'user5@gmail.com', 1),
(14, 'user6', '123456', 'user6@gmail.com', 1),
(15, 'user7', '123456', 'user7@gmail.com', 1),
(16, 'user8', '123456', 'user8@gmail.com', 1),
(17, 'user10', '123456', 'user10@gmail.com', 1),
(18, 'user11', '123456', 'user11@gmail.com', 1),
(20, 'user12', '123456', 'user12@gmail.com', 1),
(21, 'user13', '123456', 'user13@gmail.com', 1),
(22, 'user14', '123456', 'user14@gmail.com', 1),
(23, 'user15', '123456', 'user15@gmail.com', 1),
(24, 'kenny111', '123456', 'kenny111@gmail.com', 1);

--
-- Indexes for dumped tables
--

--
-- Indexes for table `category`
--
ALTER TABLE `category`
 ADD PRIMARY KEY (`cate_id`);

--
-- Indexes for table `news`
--
ALTER TABLE `news`
 ADD PRIMARY KEY (`news_id`);

--
-- Indexes for table `user`
--
ALTER TABLE `user`
 ADD PRIMARY KEY (`id`);

--
-- AUTO_INCREMENT for dumped tables
--

--
-- AUTO_INCREMENT for table `category`
--
ALTER TABLE `category`
MODIFY `cate_id` int(2) unsigned NOT NULL AUTO_INCREMENT,AUTO_INCREMENT=34;
--
-- AUTO_INCREMENT for table `news`
--
ALTER TABLE `news`
MODIFY `news_id` int(10) unsigned NOT NULL AUTO_INCREMENT,AUTO_INCREMENT=71;
--
-- AUTO_INCREMENT for table `user`
--
ALTER TABLE `user`
MODIFY `id` int(3) unsigned NOT NULL AUTO_INCREMENT,AUTO_INCREMENT=25;
/*!40101 SET CHARACTER_SET_CLIENT=@OLD_CHARACTER_SET_CLIENT */;
/*!40101 SET CHARACTER_SET_RESULTS=@OLD_CHARACTER_SET_RESULTS */;
/*!40101 SET COLLATION_CONNECTION=@OLD_COLLATION_CONNECTION */;
